Visitor,Weekday,Page_Viewed,Add_To_Cart
892360,Friday,B,No
720581,Thursday,C,No
251809,Friday,C,No
589252,Wednesday,B,No
820600,Friday,B,No
739683,Friday,B,No
263468,Saturday,A,No
583698,Tuesday,B,No
606883,Friday,C,No
103421,Monday,C,No
830100,Thursday,B,No
123812,Wednesday,C,No
253253,Thursday,A,No
894494,Friday,B,No
228805,Thursday,A,No
643179,Sunday,B,No
800168,Friday,B,No
43173,Tuesday,A,No
74230,Saturday,A,No
108897,Sunday,C,No
359189,Monday,A,No
858845,Friday,B,No
631533,Tuesday,B,No
676994,Tuesday,B,No
660153,Thursday,C,No
446899,Thursday,A,No
604286,Sunday,B,No
778914,Wednesday,C,No
132941,Monday,C,No
956258,Friday,B,No
759738,Monday,B,No
13255,Friday,C,No
874146,Sunday,B,No
482258,Wednesday,A,No
506457,Friday,C,Yes
594404,Sunday,C,No
638376,Saturday,B,No
820752,Wednesday,B,No
688082,Tuesday,C,No
584665,Wednesday,B,No
569238,Friday,C,Yes
49169,Tuesday,A,No
62956,Monday,A,No
376385,Tuesday,C,No
187007,Saturday,A,No
53291,Saturday,A,No
462935,Wednesday,A,No
776308,Wednesday,B,No
899239,Sunday,B,No
391326,Monday,C,No
403505,Sunday,C,No
240136,Tuesday,A,No
826503,Sunday,B,No
610536,Sunday,B,No
821859,Thursday,B,No
290424,Wednesday,A,No
627889,Sunday,B,No
584481,Monday,C,No
567286,Monday,C,No
237240,Friday,A,No
813798,Wednesday,B,No
382981,Saturday,A,No
317171,Wednesday,A,No
589399,Tuesday,B,No
560321,Sunday,B,No
435079,Monday,C,No
440714,Monday,A,No
223606,Wednesday,A,No
730821,Sunday,B,No
874904,Friday,C,No
731754,Tuesday,B,No
345081,Wednesday,A,No
65811,Thursday,A,No
124482,Saturday,A,No
543578,Sunday,B,No
443002,Sunday,A,No
792791,Tuesday,C,No
402567,Saturday,A,No
933795,Saturday,B,No
463974,Monday,A,No
598353,Sunday,C,No
475388,Thursday,C,No
323301,Friday,A,No
616955,Thursday,B,No
378474,Wednesday,A,No
18915,Wednesday,A,No
916069,Thursday,B,No
185352,Tuesday,C,No
536237,Friday,B,No
234451,Tuesday,C,No
773345,Friday,B,No
85362,Sunday,A,No
587638,Tuesday,C,No
343929,Thursday,A,No
810174,Monday,B,No
141435,Tuesday,A,No
888882,Sunday,C,No
285678,Tuesday,A,No
279428,Tuesday,A,No
238794,Wednesday,A,No
890749,Friday,C,No
939098,Tuesday,C,No
904653,Wednesday,B,No
3245,Saturday,A,No
572090,Wednesday,B,No
761933,Wednesday,C,No
791703,Monday,B,No
824387,Monday,B,No
96923,Tuesday,A,No
792016,Sunday,B,No
81860,Friday,C,No
596469,Tuesday,B,No
753629,Wednesday,B,No
898168,Sunday,B,No
627700,Tuesday,B,No
556365,Friday,C,No
333702,Thursday,C,No
806773,Wednesday,B,No
24571,Wednesday,A,No
90789,Saturday,A,No
278663,Tuesday,A,No
61832,Wednesday,C,No
703300,Thursday,C,No
451264,Wednesday,C,No
941549,Monday,B,No
742297,Thursday,C,Yes
393709,Friday,A,No
619126,Friday,C,No
135142,Thursday,A,No
387283,Saturday,A,No
90250,Friday,A,No
272861,Saturday,A,No
918109,Thursday,B,No
176230,Friday,C,No
709246,Wednesday,B,No
819450,Friday,B,No
588812,Sunday,B,No
460128,Friday,A,No
381924,Friday,A,No
394831,Monday,A,No
518408,Friday,B,No
759429,Tuesday,B,No
259057,Tuesday,A,No
52411,Thursday,A,Yes
805191,Tuesday,C,No
410070,Monday,A,No
497013,Sunday,A,No
210820,Thursday,A,No
671021,Wednesday,B,No
218173,Thursday,C,No
766476,Thursday,B,No
54370,Tuesday,A,No
366959,Saturday,C,No
113830,Wednesday,C,No
207919,Tuesday,A,No
910477,Wednesday,B,No
609530,Saturday,B,No
56317,Friday,A,No
429753,Wednesday,A,No
20709,Monday,C,No
567061,Friday,B,No
664351,Saturday,C,No
604646,Friday,B,No
295528,Saturday,C,No
129544,Friday,C,Yes
285408,Wednesday,A,No
91837,Thursday,A,No
244736,Tuesday,A,No
550845,Tuesday,C,No
929513,Monday,B,No
932316,Monday,B,No
798861,Thursday,B,No
354414,Thursday,A,No
365994,Sunday,A,No
985384,Sunday,B,No
173206,Monday,A,No
674842,Saturday,C,No
398418,Sunday,A,No
22270,Thursday,A,No
789913,Monday,C,No
819292,Saturday,C,No
231419,Wednesday,A,No
694366,Friday,B,No
555768,Sunday,B,No
10026,Wednesday,A,No
373487,Thursday,C,No
382034,Tuesday,A,No
883936,Wednesday,B,No
555025,Saturday,B,No
855621,Friday,C,No
545622,Sunday,C,No
782799,Saturday,B,No
840735,Monday,C,Yes
783428,Tuesday,B,No
989272,Wednesday,B,No
706053,Sunday,C,No
949441,Wednesday,B,No
336735,Sunday,A,Yes
76884,Thursday,A,No
324121,Saturday,A,No
224472,Tuesday,A,No
993472,Saturday,B,No
738052,Sunday,B,No
176700,Sunday,C,No
907863,Monday,B,No
405004,Wednesday,A,No
486647,Saturday,A,No
490844,Wednesday,C,No
816633,Friday,C,No
43496,Thursday,A,No
734747,Monday,B,No
537852,Saturday,B,No
285802,Saturday,C,No
145579,Friday,A,No
883093,Saturday,B,No
419063,Tuesday,C,No
526134,Tuesday,B,No
657023,Sunday,C,No
239632,Friday,A,No
286090,Sunday,C,No
62365,Wednesday,A,No
674887,Thursday,B,No
768757,Friday,C,No
429530,Tuesday,A,No
515299,Sunday,B,No
145247,Thursday,C,No
970785,Monday,C,No
152709,Tuesday,A,No
151950,Tuesday,A,No
575886,Wednesday,B,No
156406,Wednesday,A,No
179724,Thursday,A,No
617685,Thursday,B,No
749378,Tuesday,C,No
768854,Friday,B,No
938170,Tuesday,C,No
603313,Tuesday,B,No
657395,Wednesday,B,No
691302,Monday,B,No
90457,Tuesday,C,No
924676,Wednesday,B,No
439105,Sunday,C,No
253589,Saturday,A,No
666125,Thursday,B,No
84320,Sunday,A,No
699716,Friday,B,No
195412,Monday,A,No
864271,Tuesday,B,No
4845,Thursday,A,No
669567,Monday,B,No
731546,Sunday,B,No
48131,Tuesday,C,Yes
911904,Friday,C,No
665344,Wednesday,B,No
794912,Thursday,B,No
866131,Thursday,B,No
799542,Tuesday,B,No
137774,Thursday,A,No
406877,Saturday,C,No
890514,Sunday,C,No
325608,Sunday,A,No
362291,Friday,A,No
454554,Wednesday,C,No
708446,Wednesday,C,No
528106,Tuesday,B,No
327531,Sunday,A,No
134917,Sunday,A,No
104201,Thursday,A,No
900876,Tuesday,B,No
183013,Thursday,A,No
123971,Tuesday,A,No
276388,Wednesday,A,No
711755,Monday,C,No
344479,Saturday,C,No
93796,Wednesday,C,No
469449,Monday,C,No
409018,Friday,C,No
255626,Wednesday,A,No
830337,Friday,B,No
201587,Wednesday,A,No
752024,Monday,B,No
867707,Wednesday,B,No
944973,Saturday,B,No
101359,Tuesday,A,No
62725,Tuesday,A,No
512717,Saturday,B,No
264396,Saturday,A,No
725189,Thursday,C,No
500373,Monday,B,No
643249,Sunday,B,No
777066,Saturday,B,No
321605,Wednesday,A,No
240165,Sunday,A,No
292268,Monday,A,No
432798,Friday,A,No
159926,Wednesday,A,No
531921,Thursday,C,No
21996,Saturday,A,No
821038,Monday,C,No
868686,Monday,B,No
284673,Sunday,A,No
524995,Sunday,C,No
99512,Wednesday,C,No
362175,Thursday,A,No
964018,Thursday,B,No
868087,Tuesday,C,No
322769,Friday,A,No
459366,Wednesday,A,No
822411,Wednesday,B,No
710659,Thursday,C,Yes
431072,Friday,A,No
520105,Friday,C,No
497859,Sunday,A,No
121714,Monday,C,No
731600,Tuesday,C,No
460438,Thursday,A,No
359196,Saturday,C,No
464559,Wednesday,A,No
359003,Tuesday,C,No
545818,Tuesday,B,No
800533,Friday,C,No
925829,Friday,B,No
551916,Sunday,C,No
290054,Sunday,A,No
987248,Saturday,B,No
786211,Friday,B,No
696922,Monday,B,No
848650,Wednesday,C,No
289536,Tuesday,A,No
53749,Wednesday,A,No
493727,Friday,C,No
856423,Saturday,C,No
802818,Friday,B,No
189826,Sunday,C,No
366640,Saturday,A,No
82352,Sunday,A,No
823224,Tuesday,B,No
241933,Wednesday,A,No
514618,Friday,B,No
718666,Sunday,C,Yes
9283,Friday,A,No
848827,Wednesday,C,No
609759,Monday,B,No
711961,Monday,B,No
286021,Saturday,A,No
808670,Wednesday,B,No
499580,Saturday,C,No
237101,Tuesday,A,No
706472,Wednesday,B,No
147615,Thursday,A,No
360225,Tuesday,A,No
937245,Friday,B,No
387571,Thursday,A,No
418218,Tuesday,C,No
896009,Wednesday,B,No
892458,Thursday,C,No
949919,Wednesday,C,No
20255,Saturday,A,No
665278,Thursday,B,No
868241,Saturday,B,No
578992,Monday,B,No
244141,Tuesday,A,No
462181,Wednesday,A,No
862854,Friday,B,No
810755,Tuesday,B,No
785229,Tuesday,B,No
710718,Monday,B,No
541303,Thursday,B,No
19261,Monday,A,No
708108,Monday,B,No
317710,Tuesday,A,No
371897,Thursday,A,No
492344,Friday,C,No
100035,Wednesday,A,No
846303,Friday,C,No
604469,Tuesday,C,No
621607,Monday,C,No
454883,Wednesday,A,No
525987,Sunday,B,No
312223,Thursday,C,No
31948,Friday,A,No
29548,Friday,A,No
428565,Tuesday,C,No
432275,Thursday,A,No
240046,Thursday,A,No
459691,Saturday,C,No
147574,Thursday,C,No
549668,Thursday,B,No
535444,Wednesday,B,No
895847,Tuesday,B,No
286205,Sunday,A,No
418383,Monday,A,No
805687,Thursday,B,No
627152,Tuesday,B,No
204135,Saturday,C,No
794274,Friday,C,Yes
562202,Wednesday,B,No
489962,Wednesday,C,No
900406,Friday,B,No
657415,Wednesday,B,No
671422,Monday,C,No
12027,Sunday,C,No
607863,Tuesday,C,No
678372,Saturday,B,No
136168,Saturday,C,No
948538,Tuesday,C,No
491590,Tuesday,A,No
829643,Saturday,B,No
334575,Friday,C,No
621690,Wednesday,C,No
212102,Thursday,A,No
804474,Monday,C,No
800311,Wednesday,B,No
433685,Sunday,A,No
6697,Friday,A,No
80086,Tuesday,C,Yes
368033,Thursday,A,No
261908,Sunday,A,No
437343,Friday,A,No
965068,Friday,B,No
596370,Monday,B,No
990484,Tuesday,B,No
627700,Friday,C,Yes
749073,Friday,C,No
354459,Wednesday,C,No
822279,Sunday,C,No
329078,Tuesday,A,No
813355,Wednesday,B,No
328292,Monday,A,No
923646,Tuesday,C,No
298381,Friday,C,No
249920,Tuesday,C,No
354764,Wednesday,A,No
159675,Wednesday,A,No
590665,Saturday,B,No
927319,Monday,B,No
652042,Thursday,B,No
87725,Monday,A,No
196646,Thursday,A,No
324541,Thursday,A,No
448393,Saturday,C,No
473107,Saturday,A,No
618350,Tuesday,B,No
941289,Wednesday,B,No
959965,Tuesday,B,No
81569,Sunday,A,No
273476,Monday,A,No
908197,Saturday,B,No
655282,Friday,B,No
192233,Saturday,C,No
698659,Saturday,B,No
869304,Sunday,C,No
725877,Sunday,B,No
926817,Thursday,B,No
150980,Tuesday,A,No
26700,Sunday,A,No
89639,Monday,C,No
800343,Saturday,B,No
150353,Tuesday,C,No
371913,Tuesday,A,No
309989,Thursday,C,No
550674,Wednesday,B,No
270851,Tuesday,A,No
761847,Thursday,C,No
934561,Wednesday,C,No
682578,Tuesday,B,No
861495,Sunday,B,No
56558,Thursday,C,No
598473,Thursday,B,No
100579,Sunday,A,No
587917,Friday,B,No
66069,Wednesday,A,No
62942,Saturday,A,No
984961,Tuesday,B,No
301375,Thursday,C,No
102072,Friday,A,No
145943,Tuesday,A,No
876800,Friday,B,No
96020,Wednesday,C,No
308372,Tuesday,A,No
759531,Sunday,C,No
828795,Sunday,B,No
839914,Saturday,B,No
984319,Wednesday,B,No
107517,Tuesday,A,No
726340,Friday,B,No
536778,Thursday,B,No
161365,Saturday,A,No
976324,Wednesday,B,No
86594,Monday,A,No
928840,Saturday,B,No
763200,Sunday,C,Yes
19502,Friday,C,No
692378,Friday,C,No
629959,Saturday,B,No
459576,Friday,A,No
713007,Sunday,B,No
409089,Saturday,C,No
418687,Wednesday,A,No
570540,Friday,C,No
702423,Friday,B,No
849719,Sunday,C,No
985920,Friday,C,No
22439,Tuesday,A,No
254406,Tuesday,A,No
115511,Thursday,A,No
981304,Saturday,B,No
398478,Wednesday,A,No
893357,Thursday,C,No
779904,Sunday,C,No
316561,Saturday,A,No
791380,Saturday,B,No
704777,Wednesday,B,No
734730,Wednesday,C,No
282853,Tuesday,A,No
308190,Friday,C,No
902745,Friday,C,No
522864,Sunday,B,No
53711,Wednesday,A,No
874262,Thursday,B,No
963397,Sunday,B,No
785384,Wednesday,C,No
169793,Monday,A,No
817024,Friday,B,No
790174,Tuesday,B,No
38862,Wednesday,A,No
388668,Sunday,A,No
189912,Sunday,A,No
178051,Sunday,A,No
6610,Wednesday,A,No
457467,Friday,A,No
557071,Tuesday,B,No
302636,Friday,C,No
777525,Saturday,B,No
90342,Thursday,A,No
707459,Wednesday,B,No
118493,Saturday,A,Yes
420733,Friday,A,No
326815,Wednesday,A,No
888207,Monday,B,No
634691,Sunday,C,No
689737,Thursday,C,No
185215,Tuesday,A,No
527732,Wednesday,B,No
782306,Thursday,B,No
836948,Saturday,C,No
569124,Thursday,C,No
204668,Friday,C,No
246747,Thursday,A,No
27775,Monday,C,No
859514,Tuesday,B,No
136273,Tuesday,C,No
485554,Tuesday,C,No
413150,Tuesday,A,No
236870,Sunday,C,Yes
690867,Saturday,B,No
639913,Sunday,C,No
513721,Monday,B,No
814048,Tuesday,B,No
729641,Tuesday,C,No
993308,Friday,B,No
672824,Thursday,B,No
947141,Tuesday,B,No
944545,Sunday,B,No
76037,Sunday,A,No
363016,Thursday,C,No
782433,Saturday,C,No
345792,Sunday,A,No
293243,Sunday,C,No
680558,Monday,B,No
371328,Tuesday,C,No
463167,Sunday,C,No
902382,Sunday,B,No
785256,Wednesday,B,No
787504,Sunday,B,No
70924,Thursday,A,No
628205,Friday,B,No
346418,Friday,A,No
480484,Sunday,C,No
881042,Sunday,C,No
892255,Saturday,C,No
411567,Saturday,C,No
524358,Tuesday,B,No
248676,Sunday,A,No
520634,Friday,B,No
900930,Saturday,C,No
587100,Friday,C,No
217764,Tuesday,A,No
539869,Saturday,B,No
725612,Friday,B,No
119212,Saturday,A,No
315792,Saturday,C,Yes
207525,Monday,A,No
789381,Friday,B,No
830793,Sunday,C,No
982993,Sunday,C,No
361866,Tuesday,A,No
233383,Thursday,C,No
743940,Thursday,B,No
422532,Thursday,A,No
486517,Monday,C,No
101803,Monday,C,No
136631,Tuesday,A,No
153244,Thursday,A,No
315205,Sunday,C,No
600188,Tuesday,C,No
485021,Wednesday,A,No
831878,Tuesday,B,No
531805,Sunday,B,No
842801,Wednesday,C,No
946481,Thursday,B,No
296032,Tuesday,A,Yes
993370,Thursday,B,No
249573,Tuesday,A,No
117672,Monday,C,No
821299,Friday,C,No
473819,Monday,A,No
694360,Thursday,C,No
929954,Monday,C,No
711632,Tuesday,C,No
723938,Tuesday,B,No
903983,Saturday,B,No
266947,Tuesday,A,No
752182,Saturday,B,No
564046,Saturday,B,No
167942,Monday,A,No
280221,Sunday,C,No
519821,Wednesday,C,No
519824,Tuesday,C,No
580361,Sunday,B,No
170884,Sunday,A,No
736870,Saturday,B,No
122040,Friday,A,No
439067,Friday,A,No
989777,Thursday,B,No
981615,Saturday,C,No
836475,Sunday,B,No
479377,Friday,A,No
105144,Wednesday,A,No
162779,Thursday,C,No
442357,Wednesday,C,No
238582,Tuesday,A,No
276847,Wednesday,A,No
996798,Monday,B,No
591824,Tuesday,B,No
156287,Sunday,A,No
187822,Saturday,C,No
567108,Tuesday,B,No
649381,Monday,B,No
540249,Saturday,B,No
50913,Saturday,C,No
446179,Wednesday,A,No
289543,Thursday,A,No
921747,Monday,B,No
128518,Monday,A,No
948474,Saturday,B,No
23368,Wednesday,C,No
415609,Tuesday,A,No
803926,Monday,C,No
257135,Monday,A,No
435307,Thursday,C,No
469860,Thursday,A,No
487753,Tuesday,C,No
335423,Wednesday,C,No
699064,Thursday,B,No
345491,Sunday,C,No
225806,Monday,C,No
586318,Wednesday,B,No
589900,Monday,B,No
835883,Sunday,B,No
533827,Friday,C,No
707688,Friday,B,No
163297,Saturday,A,No
291505,Friday,C,No
268480,Saturday,A,No
207951,Friday,A,No
251765,Tuesday,A,No
685546,Saturday,B,No
889395,Monday,C,No
446259,Friday,A,No
233519,Friday,C,No
368378,Thursday,A,No
971554,Monday,C,No
761872,Wednesday,B,No
101343,Sunday,C,No
932403,Tuesday,B,No
708573,Friday,C,No
245249,Wednesday,A,No
444908,Thursday,C,No
841707,Sunday,B,No
81655,Tuesday,A,No
317474,Monday,A,No
594879,Wednesday,B,No
180238,Wednesday,A,No
814331,Friday,C,No
576448,Monday,C,No
558644,Saturday,B,No
373500,Saturday,A,No
336278,Sunday,A,No
818356,Saturday,B,No
630299,Wednesday,B,No
928523,Monday,B,No
190843,Saturday,A,No
580557,Tuesday,B,No
498565,Wednesday,A,No
507482,Monday,B,No
548240,Tuesday,C,No
984529,Wednesday,C,No
209573,Sunday,A,No
303467,Tuesday,A,No
341875,Sunday,A,No
932988,Tuesday,B,No
26048,Monday,C,No
859925,Sunday,B,No
696433,Wednesday,C,No
515946,Saturday,B,No
390467,Monday,A,No
648068,Sunday,B,No
239019,Sunday,A,No
449993,Tuesday,C,No
209525,Tuesday,A,No
821606,Saturday,B,No
721920,Thursday,B,No
942179,Friday,C,No
182416,Friday,A,No
455615,Tuesday,C,No
101156,Saturday,C,No
207969,Monday,A,No
669797,Friday,C,No
118505,Sunday,C,No
523719,Wednesday,C,No
710521,Thursday,B,No
123619,Sunday,C,No
810066,Wednesday,C,No
178357,Saturday,A,No
273753,Tuesday,A,No
537300,Thursday,B,No
288880,Wednesday,A,No
86290,Monday,C,No
388366,Saturday,A,No
697827,Thursday,B,No
5481,Sunday,A,No
386140,Tuesday,A,No
369318,Sunday,A,No
641148,Sunday,C,No
462217,Tuesday,C,Yes
47600,Friday,C,No
394086,Friday,A,No
290485,Sunday,C,No
455645,Friday,A,No
86281,Thursday,A,No
812030,Wednesday,B,No
562485,Tuesday,B,No
581197,Sunday,B,No
817595,Tuesday,B,No
846554,Monday,B,No
203581,Friday,A,No
250640,Wednesday,A,No
974603,Saturday,B,No
411033,Wednesday,A,No
359588,Tuesday,A,No
177047,Wednesday,C,No
189614,Monday,A,No
956302,Sunday,B,No
962133,Monday,B,No
618762,Friday,B,No
514198,Wednesday,B,No
535347,Saturday,B,No
141984,Friday,A,No
126012,Sunday,C,No
456766,Tuesday,A,No
230222,Monday,A,No
147055,Monday,A,No
64155,Friday,A,No
181927,Saturday,A,No
217242,Wednesday,C,No
60003,Wednesday,C,No
569915,Monday,C,No
777543,Friday,B,No
321954,Thursday,A,No
904166,Saturday,B,No
572981,Friday,C,No
286051,Saturday,C,No
836988,Tuesday,B,No
102004,Tuesday,C,No
179814,Sunday,C,No
535964,Saturday,B,No
93485,Saturday,A,No
830301,Sunday,C,No
600067,Monday,C,No
137860,Wednesday,A,No
479813,Tuesday,A,No
766495,Sunday,B,No
572177,Friday,B,No
643822,Thursday,B,No
310064,Friday,A,No
652512,Saturday,B,No
102830,Wednesday,A,No
298530,Wednesday,C,No
893154,Saturday,B,No
111659,Thursday,A,No
220716,Thursday,A,Yes
109744,Tuesday,A,No
169166,Sunday,C,No
662885,Monday,B,No
133644,Sunday,C,No
571325,Sunday,C,No
986640,Thursday,C,No
750569,Sunday,C,No
626819,Monday,C,No
970984,Saturday,B,No
204166,Tuesday,A,No
513669,Saturday,B,No
70225,Wednesday,A,No
875319,Monday,C,No
793998,Tuesday,C,No
346818,Saturday,C,No
274869,Sunday,A,No
829996,Thursday,B,No
915565,Saturday,C,No
612584,Thursday,C,Yes
929521,Friday,C,No
710764,Monday,C,No
445902,Saturday,C,No
335483,Monday,A,No
170981,Wednesday,C,No
671293,Thursday,B,No
676868,Sunday,B,No
553943,Saturday,B,No
833727,Saturday,B,No
967251,Friday,B,No
968911,Saturday,B,No
159136,Tuesday,A,No
323121,Monday,C,No
381113,Thursday,C,No
297101,Friday,A,No
573650,Monday,B,No
97551,Tuesday,C,No
350198,Tuesday,A,No
334368,Thursday,A,No
665642,Wednesday,C,No
179458,Friday,A,No
198261,Thursday,A,No
689521,Saturday,B,No
976453,Friday,B,No
658155,Wednesday,B,No
2082,Monday,A,No
124717,Friday,A,No
497123,Tuesday,A,No
576289,Wednesday,B,No
509993,Sunday,C,No
483522,Saturday,A,No
948564,Friday,B,No
734798,Sunday,C,No
534751,Saturday,C,No
888927,Sunday,C,No
263305,Thursday,C,No
413335,Wednesday,C,No
409189,Thursday,A,No
213828,Wednesday,A,No
576702,Tuesday,C,No
634989,Monday,B,No
223932,Monday,A,No
540474,Wednesday,B,No
923891,Wednesday,B,No
516156,Saturday,B,No
967119,Monday,B,No
743906,Saturday,C,No
865323,Wednesday,B,No
120527,Monday,C,No
205873,Monday,A,No
964067,Wednesday,B,No
246702,Tuesday,A,No
709620,Wednesday,C,No
647808,Thursday,B,No
137241,Tuesday,C,No
664464,Thursday,B,No
462845,Thursday,C,No
176343,Saturday,A,No
68807,Friday,C,No
238171,Sunday,A,No
41211,Thursday,A,Yes
29623,Tuesday,A,No
132068,Monday,A,No
949139,Friday,B,No
810506,Friday,B,No
262923,Tuesday,C,No
806280,Tuesday,B,No
293602,Tuesday,A,No
148042,Saturday,C,No
484600,Sunday,A,No
510470,Thursday,B,No
426170,Thursday,A,No
584144,Friday,B,No
562788,Tuesday,C,No
266613,Wednesday,C,No
235652,Wednesday,C,No
802504,Sunday,B,No
369381,Thursday,A,No
292607,Monday,A,No
707951,Thursday,C,No
824188,Friday,B,No
703807,Thursday,B,No
126543,Wednesday,C,No
782773,Sunday,C,No
240107,Sunday,A,No
141351,Thursday,C,No
895903,Sunday,B,No
812006,Sunday,C,No
268327,Friday,A,No
690793,Monday,B,No
202988,Saturday,C,No
254695,Monday,A,No
995792,Sunday,B,No
654602,Wednesday,C,No
876680,Friday,B,No
626039,Saturday,B,No
22791,Wednesday,A,No
328021,Wednesday,C,No
352872,Tuesday,A,No
543626,Sunday,B,No
422377,Monday,A,No
438039,Tuesday,C,No
594902,Tuesday,C,No
607730,Wednesday,B,No
932780,Friday,C,No
222618,Tuesday,A,No
92734,Sunday,A,No
205705,Thursday,A,No
908777,Friday,B,No
320281,Saturday,A,No
774059,Saturday,C,Yes
947719,Sunday,B,No
600030,Wednesday,B,No
13442,Sunday,A,No
980697,Saturday,C,No
858786,Sunday,C,No
985950,Sunday,C,No
518979,Tuesday,B,No
524495,Sunday,B,No
346019,Wednesday,C,No
606146,Thursday,B,No
218447,Friday,A,No
420984,Saturday,C,No
563448,Friday,B,No
18266,Wednesday,C,No
769362,Tuesday,B,No
221170,Monday,C,No
578674,Monday,C,No
867955,Saturday,B,No
981056,Thursday,B,No
717541,Monday,B,No
245444,Saturday,C,No
812791,Thursday,B,No
427519,Friday,A,No
12629,Monday,A,No
13834,Monday,A,No
235741,Thursday,A,No
630230,Saturday,B,No
613470,Thursday,B,No
394953,Sunday,C,No
176292,Wednesday,A,No
884086,Wednesday,B,No
301642,Wednesday,C,No
323949,Thursday,A,No
814916,Tuesday,B,No
974329,Tuesday,B,No
410840,Friday,A,No
434358,Wednesday,A,No
236140,Saturday,A,No
798097,Wednesday,C,No
628156,Monday,C,No
89046,Monday,C,No
974351,Saturday,B,No
555399,Thursday,B,No
793178,Thursday,B,Yes
441473,Tuesday,C,No
160712,Sunday,A,No
57435,Monday,C,No
488879,Tuesday,A,No
275237,Friday,A,No
113782,Wednesday,A,No
239619,Friday,A,No
290140,Saturday,A,No
373164,Wednesday,C,No
29314,Monday,A,No
820988,Monday,B,No
164968,Thursday,A,No
340393,Sunday,A,No
110022,Tuesday,A,No
2728,Friday,A,No
834609,Thursday,B,No
232943,Tuesday,A,No
161951,Friday,A,No
360902,Friday,A,No
939076,Tuesday,C,No
531593,Friday,B,No
357142,Tuesday,A,No
404346,Thursday,A,No
482500,Monday,C,No
758534,Thursday,B,No
838361,Friday,B,No
832265,Monday,B,No
725638,Saturday,B,No
403060,Friday,A,No
285038,Thursday,A,No
586684,Thursday,C,No
621239,Friday,C,No
246819,Friday,A,No
627500,Wednesday,C,No
802808,Monday,C,Yes
921921,Wednesday,B,No
735981,Saturday,C,No
277369,Friday,A,No
348553,Monday,C,No
296609,Wednesday,C,No
522022,Tuesday,C,No
195966,Saturday,A,No
670099,Monday,B,No
136755,Saturday,A,No
556562,Saturday,B,No
488761,Monday,A,No
357280,Saturday,A,No
440026,Tuesday,A,No
257321,Thursday,A,No
396971,Friday,C,No
873376,Saturday,C,No
758453,Sunday,B,No
702949,Friday,B,No
605481,Sunday,B,No
539626,Tuesday,C,No
59848,Saturday,C,Yes
976401,Tuesday,B,No
992550,Sunday,B,No
642784,Monday,B,No
318537,Wednesday,A,No
192974,Thursday,A,No
529791,Tuesday,B,No
841089,Monday,B,No
923648,Thursday,B,No
322887,Friday,C,No
937060,Tuesday,C,Yes
730636,Friday,B,No
503416,Friday,B,No
431645,Friday,A,No
288096,Tuesday,C,No
330502,Wednesday,C,No
765260,Monday,B,No
73157,Friday,C,Yes
561576,Wednesday,B,No
412008,Saturday,A,No
29550,Sunday,A,No
298881,Sunday,A,Yes
214194,Sunday,A,No
348411,Monday,C,No
9062,Monday,C,No
954695,Friday,C,No
555352,Monday,B,No
856250,Sunday,C,No
917191,Tuesday,B,No
845916,Monday,B,No
843185,Tuesday,C,No
915950,Tuesday,B,No
221984,Wednesday,A,No
527896,Friday,C,No
352922,Thursday,C,No
878991,Tuesday,B,No
7315,Sunday,C,No
800996,Saturday,C,No
33332,Monday,A,No
737158,Thursday,B,No
716076,Sunday,B,No
984463,Wednesday,C,No
109411,Sunday,A,No
557474,Monday,B,Yes
511917,Friday,B,No
425487,Thursday,C,No
642919,Tuesday,B,No
743318,Thursday,C,No
859956,Thursday,B,No
247832,Saturday,A,No
288804,Friday,C,No
880512,Sunday,B,No
461555,Saturday,C,No
496017,Saturday,A,No
766947,Sunday,B,No
25585,Friday,A,No
784858,Monday,C,No
311936,Thursday,A,No
109423,Monday,A,No
168466,Monday,A,No
772970,Monday,B,No
142901,Tuesday,A,No
177330,Tuesday,A,No
876064,Friday,C,No
420221,Saturday,C,No
69568,Saturday,C,No
560490,Sunday,C,No
797275,Wednesday,B,No
78934,Friday,C,No
79841,Thursday,C,No
162123,Monday,C,No
794125,Wednesday,C,No
50656,Monday,C,No
525714,Saturday,C,No
857520,Saturday,B,No
951125,Saturday,C,No
230873,Saturday,C,No
146572,Friday,A,No
739448,Sunday,B,Yes
515611,Friday,B,No
833229,Tuesday,B,No
59802,Wednesday,A,No
10127,Saturday,A,No
776710,Monday,B,No
964253,Friday,B,No
423221,Sunday,C,No
165951,Thursday,A,No
580163,Tuesday,C,No
695464,Wednesday,B,No
156435,Friday,C,No
885199,Wednesday,B,No
601014,Monday,B,No
544715,Saturday,C,No
169368,Thursday,C,No
149548,Wednesday,C,No
165138,Wednesday,C,No
14201,Thursday,C,No
701923,Sunday,C,No
346530,Monday,C,No
523027,Saturday,C,No
503789,Sunday,B,No
35994,Saturday,A,No
338044,Thursday,C,No
924246,Sunday,B,No
623309,Monday,C,No
211615,Thursday,C,No
847099,Wednesday,B,No
930076,Thursday,C,No
838285,Wednesday,B,No
512488,Wednesday,C,No
159121,Thursday,C,No
516179,Saturday,C,No
862091,Saturday,B,No
759677,Saturday,B,No
54085,Thursday,C,No
82269,Saturday,A,No
171725,Monday,C,No
113035,Wednesday,A,No
990230,Monday,B,No
617951,Tuesday,B,No
400564,Friday,C,No
965027,Wednesday,B,No
180112,Friday,A,No
924722,Monday,B,No
33008,Saturday,A,No
309163,Tuesday,A,No
655320,Thursday,B,No
649366,Monday,C,No
938425,Monday,B,No
319371,Thursday,C,No
398356,Sunday,A,No
208160,Wednesday,A,No
993566,Monday,B,No
550621,Thursday,C,No
355422,Friday,A,No
168139,Friday,A,No
210744,Tuesday,C,No
357788,Sunday,C,No
536658,Friday,C,No
94684,Tuesday,C,No
547874,Sunday,B,No
280722,Wednesday,A,No
134647,Wednesday,C,No
276873,Wednesday,A,No
392135,Monday,A,No
976436,Thursday,B,No
92570,Friday,C,No
764946,Sunday,C,Yes
562082,Friday,B,No
432680,Monday,A,No
981955,Tuesday,C,No
221424,Wednesday,C,No
969643,Monday,B,No
777022,Friday,C,No
977231,Thursday,B,No
445134,Monday,C,No
766933,Saturday,B,No
370552,Saturday,C,No
94383,Saturday,A,No
559467,Saturday,B,No
465071,Saturday,A,No
683707,Monday,B,No
343378,Sunday,A,No
153735,Monday,A,No
91663,Friday,A,No
350265,Wednesday,A,No
289644,Saturday,A,No
525700,Thursday,B,Yes
634806,Monday,B,No
833608,Monday,B,No
51238,Thursday,A,No
260622,Saturday,A,No
724591,Sunday,B,No
327124,Wednesday,C,No
370587,Sunday,A,No
825884,Wednesday,B,No
943116,Tuesday,B,No
263441,Tuesday,A,No
447179,Sunday,A,No
932636,Thursday,B,No
940209,Saturday,C,No
525840,Wednesday,B,No
509864,Saturday,B,No
143690,Wednesday,A,No
457748,Friday,A,No
877268,Monday,B,No
384864,Saturday,A,No
945246,Saturday,C,No
752648,Saturday,B,Yes
596726,Tuesday,C,No
717391,Monday,B,Yes
784273,Saturday,C,No
921081,Thursday,C,No
620202,Thursday,C,No
755422,Sunday,B,No
858906,Saturday,B,No
536664,Friday,C,No
698373,Monday,B,No
59742,Friday,A,No
231170,Saturday,C,Yes
228858,Friday,A,No
51977,Wednesday,C,No
183627,Sunday,A,No
514483,Monday,C,No
594927,Friday,B,No
867317,Wednesday,B,No
11438,Sunday,C,No
389630,Monday,A,No
294794,Sunday,A,No
648730,Tuesday,B,No
490453,Saturday,A,No
971363,Friday,B,No
98397,Thursday,A,No
353322,Monday,A,No
870576,Friday,B,Yes
517017,Tuesday,C,No
165993,Saturday,A,No
26925,Sunday,A,No
529839,Friday,B,No
478366,Saturday,C,No
435337,Wednesday,A,No
900829,Thursday,B,No
113111,Monday,A,No
675830,Saturday,B,No
254888,Monday,C,No
977780,Wednesday,B,No
234117,Monday,C,No
721936,Saturday,B,No
938561,Saturday,B,No
589514,Tuesday,B,No
801887,Saturday,B,No
740081,Wednesday,C,No
802861,Friday,B,No
309532,Sunday,C,No
755068,Monday,B,No
195268,Tuesday,A,Yes
138088,Wednesday,C,No
786890,Saturday,C,No
47134,Tuesday,C,No
139822,Saturday,C,No
387106,Tuesday,A,No
582225,Wednesday,B,No
186440,Sunday,C,No
207298,Sunday,A,No
75755,Monday,C,No
811520,Tuesday,B,No
883310,Friday,B,No
482193,Tuesday,C,No
410998,Monday,A,No
227241,Wednesday,C,No
764447,Wednesday,B,No
262985,Friday,C,No
91050,Wednesday,A,No
347034,Monday,A,No
756930,Monday,C,No
802911,Monday,B,No
661014,Wednesday,C,No
910610,Friday,C,No
725107,Tuesday,C,No
849030,Thursday,C,No
146594,Tuesday,A,No
401154,Sunday,A,No
612393,Saturday,B,No
584902,Sunday,B,No
832365,Sunday,C,No
243696,Wednesday,A,No
741892,Saturday,C,No
391709,Saturday,C,No
219246,Wednesday,C,No
684246,Tuesday,B,No
597896,Sunday,B,Yes
567348,Sunday,C,No
713304,Thursday,C,No
89761,Thursday,C,No
680097,Saturday,B,No
856443,Thursday,B,No
742862,Thursday,B,No
233681,Thursday,A,No
935467,Wednesday,B,No
818751,Sunday,B,No
303112,Sunday,A,No
744257,Sunday,B,No
494113,Tuesday,A,No
316553,Friday,A,No
92620,Sunday,A,No
734458,Sunday,B,No
495061,Saturday,A,No
605452,Wednesday,C,No
714540,Friday,C,No
212352,Saturday,A,No
490176,Tuesday,C,No
243859,Sunday,A,No
683267,Monday,B,No
771840,Sunday,C,No
894416,Sunday,B,No
229159,Wednesday,A,No
268850,Wednesday,C,No
840780,Monday,B,No
404982,Friday,A,No
487146,Tuesday,C,No
328965,Sunday,A,No
843258,Thursday,B,No
165321,Saturday,A,No
394905,Sunday,C,No
729598,Saturday,B,No
106830,Tuesday,A,No
465717,Monday,A,No
921332,Tuesday,C,No
519170,Saturday,B,No
890237,Sunday,C,No
312251,Tuesday,A,No
656233,Sunday,B,No
215490,Wednesday,A,Yes
676106,Friday,B,No
80926,Thursday,A,No
108741,Sunday,A,Yes
642756,Tuesday,B,No
350983,Tuesday,A,No
290297,Friday,C,No
322507,Monday,C,No
481633,Sunday,A,No
267203,Thursday,C,No
838005,Sunday,B,No
618433,Tuesday,B,No
661363,Saturday,B,Yes
859119,Friday,B,No
496159,Wednesday,C,No
273693,Thursday,A,No
178247,Thursday,A,No
373010,Tuesday,C,No
203733,Thursday,C,No
668105,Thursday,B,Yes
973211,Wednesday,B,No
199224,Tuesday,C,No
459324,Saturday,A,No
120275,Sunday,A,No
136357,Wednesday,C,No
831136,Tuesday,C,No
956189,Friday,C,No
921573,Monday,B,No
422089,Saturday,A,No
751817,Wednesday,C,No
362760,Monday,A,No
659930,Friday,B,No
442882,Sunday,C,No
73702,Thursday,A,No
467139,Friday,A,No
189158,Sunday,C,No
670421,Friday,C,No
939635,Sunday,C,No
810999,Friday,B,No
670898,Wednesday,C,No
334513,Saturday,A,No
573537,Friday,C,No
76662,Sunday,A,No
842617,Friday,B,Yes
458608,Wednesday,C,No
448012,Sunday,A,No
984216,Thursday,C,No
892233,Sunday,B,No
413301,Saturday,A,No
504775,Sunday,B,No
19014,Wednesday,A,No
764181,Monday,C,No
30811,Wednesday,A,No
330181,Tuesday,A,No
43213,Saturday,A,No
953430,Friday,B,No
34132,Thursday,A,No
170282,Saturday,A,No
790258,Friday,B,No
754817,Monday,C,No
536105,Tuesday,B,No
507643,Monday,B,No
513564,Thursday,B,No
730662,Monday,C,No
730530,Sunday,C,No
833325,Monday,C,No
685141,Saturday,B,No
134784,Wednesday,A,No
953887,Wednesday,C,No
955888,Monday,B,No
613936,Tuesday,B,No
716048,Tuesday,C,No
331897,Saturday,A,No
681899,Wednesday,C,No
596084,Saturday,B,No
374495,Thursday,A,No
70319,Saturday,C,No
903811,Thursday,B,Yes
484425,Monday,A,No
352743,Tuesday,A,No
45638,Friday,C,No
387257,Monday,A,No
962273,Saturday,B,No
30122,Thursday,A,No
740675,Wednesday,B,No
467433,Thursday,C,No
911732,Thursday,B,No
832485,Thursday,C,No
899012,Thursday,B,No
525031,Sunday,C,No
69730,Friday,C,No
318618,Tuesday,A,No
191440,Tuesday,A,No
448423,Thursday,A,No
636731,Saturday,C,No
337571,Friday,C,No
926940,Sunday,B,No
167840,Saturday,A,No
475369,Thursday,A,No
947234,Thursday,B,No
583264,Sunday,B,No
91706,Tuesday,A,No
167108,Monday,A,No
695803,Thursday,B,No
91717,Monday,A,No
70069,Tuesday,C,No
447327,Sunday,A,No
327730,Saturday,A,No
840064,Wednesday,B,No
964310,Monday,B,No
146331,Thursday,A,No
348770,Sunday,C,No
990875,Thursday,B,No
236943,Saturday,A,No
964122,Saturday,B,No
342348,Sunday,A,No
467174,Monday,A,No
255513,Monday,C,No
772424,Sunday,C,No
455756,Tuesday,A,No
698638,Monday,B,No
233952,Monday,C,No
848043,Friday,C,No
348245,Wednesday,A,No
753128,Monday,B,No
951928,Wednesday,B,No
926149,Sunday,B,No
572219,Monday,B,No
103507,Tuesday,C,No
158261,Tuesday,C,No
599242,Tuesday,B,No
617652,Friday,B,No
659665,Wednesday,B,No
140883,Sunday,C,No
105391,Friday,A,No
336617,Saturday,A,No
53764,Monday,A,No
309425,Thursday,A,No
378939,Tuesday,C,No
691344,Monday,B,No
15521,Monday,C,No
852258,Monday,B,No
251931,Friday,C,No
106633,Saturday,A,No
804969,Saturday,C,No
663559,Thursday,B,No
291381,Saturday,C,No
96898,Friday,C,No
328556,Friday,C,No
430759,Friday,A,No
733334,Saturday,B,No
668061,Tuesday,C,No
929582,Tuesday,B,No
184302,Friday,A,No
566376,Tuesday,B,No
394507,Tuesday,C,No
806312,Wednesday,B,No
697596,Wednesday,B,No
934065,Thursday,B,No
797517,Saturday,B,No
435046,Tuesday,C,No
109165,Monday,C,No
826218,Wednesday,C,No
710846,Wednesday,B,No
765548,Monday,B,No
882904,Thursday,B,No
438302,Wednesday,A,No
894365,Monday,B,No
778129,Wednesday,B,No
636135,Wednesday,B,No
143519,Thursday,A,No
371481,Tuesday,A,No
217312,Monday,A,No
321776,Sunday,A,No
348449,Friday,C,No
817800,Monday,B,Yes
604112,Wednesday,B,No
4670,Wednesday,A,No
50149,Sunday,C,No
412007,Saturday,A,No
632489,Thursday,B,No
731386,Sunday,B,No
532095,Tuesday,B,No
358955,Thursday,A,No
386791,Saturday,C,No
843795,Wednesday,B,No
994921,Wednesday,B,No
380150,Monday,A,No
275052,Thursday,A,No
187367,Thursday,A,No
70962,Wednesday,A,No
119634,Monday,C,No
746073,Sunday,B,Yes
483574,Friday,C,No
15053,Saturday,A,No
302043,Sunday,A,No
187297,Tuesday,A,No
510690,Saturday,C,No
863043,Friday,C,No
444558,Monday,A,No
172160,Sunday,C,No
74304,Wednesday,C,No
411739,Saturday,C,No
854689,Monday,B,No
946234,Sunday,C,No
740689,Sunday,B,No
879969,Wednesday,B,No
903668,Saturday,B,No
202798,Wednesday,C,No
618458,Tuesday,B,No
810274,Sunday,B,No
197315,Monday,A,No
773646,Monday,B,No
493379,Thursday,A,No
424211,Tuesday,C,No
833627,Monday,B,No
30225,Monday,C,No
769063,Saturday,B,No
198154,Saturday,A,No
200738,Wednesday,A,No
521647,Wednesday,B,No
923121,Saturday,B,No
349804,Monday,C,No
365594,Monday,A,Yes
385911,Monday,C,Yes
698075,Monday,C,No
812118,Friday,B,No
836269,Wednesday,B,No
713537,Tuesday,C,No
876429,Wednesday,B,No
291501,Wednesday,A,No
932779,Wednesday,B,No
205221,Saturday,A,No
954,Sunday,A,No
316426,Sunday,A,Yes
218813,Monday,A,Yes
374544,Friday,C,No
345480,Wednesday,A,No
368580,Friday,A,No
185210,Wednesday,C,No
458223,Sunday,A,No
465779,Monday,A,No
29840,Friday,A,No
22962,Tuesday,A,No
266492,Thursday,A,No
609689,Saturday,B,No
140250,Sunday,C,No
338066,Sunday,C,No
519138,Tuesday,B,No
894912,Saturday,C,No
944420,Monday,C,No
112281,Thursday,C,No
994774,Monday,B,No
398818,Monday,C,No
221241,Saturday,A,No
243440,Wednesday,A,No
815512,Thursday,C,No
903703,Tuesday,B,No
907198,Saturday,C,No
681345,Sunday,C,No
835341,Sunday,B,No
7498,Friday,C,No
170209,Sunday,C,No
287706,Monday,A,No
369130,Saturday,A,No
881169,Wednesday,B,No
40361,Friday,A,No
317325,Sunday,C,No
463885,Friday,C,No
810112,Wednesday,C,Yes
477439,Monday,C,No
244876,Thursday,C,No
637635,Thursday,B,No
120759,Wednesday,C,No
401919,Thursday,C,No
308468,Thursday,A,No
89227,Monday,A,No
37790,Wednesday,A,No
52658,Sunday,A,No
937086,Thursday,C,No
691105,Saturday,C,No
697906,Friday,C,No
758778,Thursday,B,No
723704,Friday,B,No
58926,Saturday,A,No
98429,Sunday,A,No
832859,Wednesday,B,No
597788,Saturday,B,No
87701,Thursday,A,No
227258,Tuesday,A,No
758701,Tuesday,B,No
825148,Wednesday,B,No
61054,Saturday,C,No
316062,Saturday,A,No
727932,Tuesday,C,No
248066,Saturday,A,No
653671,Thursday,B,No
288539,Thursday,C,Yes
383501,Monday,A,No
565702,Friday,B,No
748332,Thursday,B,No
901467,Monday,B,No
879867,Tuesday,B,No
247564,Friday,A,No
193325,Tuesday,A,No
501373,Saturday,B,No
302504,Sunday,C,No
191279,Tuesday,A,Yes
293748,Monday,A,No
695391,Tuesday,B,No
683569,Thursday,B,No
407650,Wednesday,A,No
623535,Sunday,B,No
408635,Wednesday,A,No
923510,Sunday,B,No
215722,Monday,A,No
975436,Monday,B,No
703299,Tuesday,B,Yes
477315,Friday,C,No
66270,Thursday,A,No
610565,Saturday,B,No
221164,Saturday,A,No
303926,Thursday,A,No
738776,Friday,B,No
850608,Thursday,B,No
157964,Monday,A,No
792677,Saturday,B,No
255162,Saturday,C,No
513074,Thursday,B,No
590446,Monday,B,No
992916,Monday,B,No
673547,Sunday,B,No
288358,Tuesday,C,No
494075,Wednesday,A,No
176966,Thursday,C,No
252365,Sunday,A,No
477379,Saturday,A,No
306741,Thursday,C,No
275050,Sunday,A,No
405473,Wednesday,A,No
971822,Tuesday,B,No
781318,Friday,B,No
310934,Friday,A,No
780483,Sunday,B,No
343362,Tuesday,A,No
83633,Saturday,A,No
293511,Monday,C,No
677359,Tuesday,B,No
980599,Monday,C,No
326052,Saturday,A,No
167139,Wednesday,A,No
147744,Sunday,A,No
592119,Sunday,B,No
412550,Saturday,A,No
654582,Thursday,B,No
813094,Thursday,C,No
829360,Friday,B,No
208625,Thursday,A,No
160270,Monday,C,No
633103,Thursday,B,No
516405,Tuesday,C,No
858574,Saturday,B,No
534027,Tuesday,C,No
358948,Monday,A,No
586966,Wednesday,B,No
30331,Saturday,A,No
494902,Wednesday,A,No
373159,Sunday,A,No
727335,Thursday,B,No
383681,Sunday,A,No
838120,Saturday,B,No
488380,Monday,A,No
742043,Tuesday,C,No
233313,Monday,A,No
908886,Wednesday,B,No
766,Thursday,A,No
995523,Thursday,B,No
554310,Thursday,B,No
869817,Sunday,B,No
679230,Thursday,B,No
40564,Friday,A,No
717965,Monday,B,Yes
747029,Saturday,B,No
530839,Monday,B,No
133511,Monday,A,Yes
20919,Saturday,A,No
691336,Thursday,B,No
626306,Friday,C,No
597152,Wednesday,C,No
184449,Tuesday,A,No
163679,Saturday,A,No
153030,Friday,A,No
242838,Wednesday,A,No
352175,Sunday,C,Yes
563616,Wednesday,B,No
248117,Monday,C,No
869718,Tuesday,C,No
634118,Wednesday,B,No
652359,Saturday,B,No
751495,Wednesday,C,No
219614,Monday,A,No
914152,Tuesday,B,No
149343,Monday,A,No
25549,Monday,A,No
389811,Monday,A,No
444503,Saturday,C,No
228457,Tuesday,A,No
331154,Monday,A,No
911829,Wednesday,C,No
465821,Friday,C,No
79390,Saturday,C,No
619633,Sunday,B,No
520007,Monday,B,No
419932,Monday,A,No
684966,Monday,C,No
297251,Saturday,A,No
777673,Friday,C,No
536293,Sunday,B,No
336639,Wednesday,A,No
529330,Thursday,B,No
644612,Thursday,B,No
696737,Thursday,B,No
320652,Thursday,A,No
538498,Monday,C,No
180068,Friday,A,No
719479,Sunday,B,No
966865,Tuesday,B,No
405364,Tuesday,A,No
600422,Monday,C,No
219282,Friday,A,No
710962,Thursday,B,No
42963,Monday,A,No
97350,Sunday,C,No
692267,Saturday,C,No
509116,Thursday,C,No
141640,Thursday,A,No
805106,Wednesday,B,No
442537,Wednesday,A,No
23016,Sunday,A,No
672067,Sunday,B,Yes
787273,Sunday,B,No
738840,Tuesday,B,No
105657,Saturday,C,No
573104,Monday,B,No
435249,Saturday,C,Yes
506712,Friday,C,No
769285,Friday,B,No
793385,Saturday,B,No
946392,Thursday,B,No
58253,Thursday,A,No
705425,Wednesday,C,No
737770,Thursday,C,No
890203,Wednesday,C,No
153742,Saturday,A,No
349382,Thursday,C,No
569828,Wednesday,B,No
792813,Friday,B,No
817398,Wednesday,C,No
572714,Friday,B,No
285914,Monday,A,No
170230,Thursday,A,No
904269,Tuesday,B,No
251579,Thursday,A,No
894487,Wednesday,B,No
581410,Thursday,B,Yes
489096,Thursday,A,No
615910,Friday,B,No
19835,Tuesday,A,No
909333,Monday,B,No
841306,Friday,B,No
757079,Tuesday,B,No
272602,Sunday,C,No
710399,Wednesday,C,No
57846,Tuesday,A,No
590723,Tuesday,B,No
818102,Saturday,C,No
730938,Friday,B,No
363985,Monday,A,No
980145,Saturday,B,No
595748,Wednesday,C,No
350133,Thursday,A,No
139508,Friday,A,No
294036,Saturday,C,No
89253,Monday,A,No
988715,Saturday,B,No
869677,Saturday,B,No
906562,Saturday,B,No
188922,Monday,A,No
228693,Friday,C,No
872780,Tuesday,B,No
92372,Friday,C,No
550467,Friday,B,No
951988,Saturday,C,No
748240,Sunday,B,No
539312,Monday,B,No
816413,Wednesday,C,No
364085,Wednesday,A,No
204835,Tuesday,A,No
968831,Saturday,B,No
3,Sunday,A,No
226091,Monday,A,No
183218,Tuesday,C,No
747754,Wednesday,C,No
394986,Wednesday,C,No
164465,Sunday,C,No
685717,Monday,C,No
32458,Tuesday,A,Yes
359991,Tuesday,A,No
848680,Saturday,B,No
560992,Monday,B,No
252890,Monday,A,No
445715,Sunday,A,No
119546,Wednesday,A,No
21632,Sunday,C,No
570100,Thursday,B,No
862006,Thursday,C,No
856175,Monday,B,No
797212,Tuesday,B,No
51097,Tuesday,C,No
526068,Thursday,C,No
786477,Friday,B,No
885754,Sunday,B,No
360131,Wednesday,A,No
631493,Monday,C,No
555881,Sunday,B,No
559960,Saturday,B,No
805601,Wednesday,B,No
912111,Saturday,C,No
773036,Saturday,B,No
802995,Sunday,B,No
593315,Thursday,B,No
261052,Friday,C,No
656609,Wednesday,C,No
245562,Tuesday,C,No
954894,Friday,C,No
278343,Sunday,C,No
250523,Monday,C,No
662838,Sunday,B,No
868731,Saturday,C,No
324883,Thursday,A,No
224737,Monday,A,No
415278,Wednesday,C,No
442492,Saturday,A,No
611784,Friday,B,No
628050,Wednesday,B,No
317891,Sunday,C,No
736765,Tuesday,B,No
577999,Saturday,C,No
820088,Friday,B,No
321781,Saturday,A,No
559294,Thursday,B,No
170954,Wednesday,A,No
296661,Wednesday,A,No
149689,Friday,A,No
291459,Friday,C,No
640452,Saturday,B,No
963313,Thursday,B,No
195782,Tuesday,C,No
360616,Monday,A,No
867754,Monday,B,No
132135,Sunday,C,No
779434,Sunday,C,No
970651,Thursday,B,No
927513,Thursday,C,No
520609,Wednesday,B,No
652261,Wednesday,C,No
793250,Tuesday,C,No
882542,Wednesday,C,No
694849,Sunday,B,No
417728,Thursday,C,No
291448,Wednesday,A,No
24382,Friday,A,No
602463,Saturday,C,No
828614,Tuesday,B,No
384234,Tuesday,A,No
840659,Saturday,C,No
55680,Tuesday,A,No
457525,Sunday,A,No
542967,Tuesday,B,No
383676,Tuesday,A,No
318842,Monday,A,No
390835,Saturday,C,No
377812,Tuesday,A,No
230182,Wednesday,C,No
885602,Wednesday,B,No
797479,Tuesday,B,No
916354,Tuesday,C,No
611675,Saturday,B,No
285380,Friday,A,No
565236,Wednesday,C,No
220889,Thursday,C,No
321791,Monday,C,No
505001,Wednesday,C,No
814630,Friday,C,No
892258,Wednesday,B,No
140950,Thursday,A,No
305236,Sunday,C,No
590442,Friday,C,No
747525,Wednesday,C,No
354121,Saturday,A,No
689978,Friday,C,No
744917,Monday,B,No
864892,Friday,B,No
503897,Tuesday,B,No
192315,Sunday,A,No
326520,Saturday,A,No
506147,Monday,C,No
955675,Tuesday,B,No
342389,Tuesday,A,No
727484,Sunday,C,No
684837,Sunday,C,No
288652,Saturday,A,No
64000,Monday,A,No
228015,Sunday,A,No
190597,Monday,C,No
743914,Thursday,B,No
893309,Thursday,B,No
242333,Thursday,A,No
526823,Saturday,B,No
865049,Monday,B,Yes
713279,Sunday,B,No
349527,Wednesday,A,No
277100,Thursday,A,No
633428,Thursday,B,No
458944,Sunday,A,No
461877,Sunday,C,No
606114,Wednesday,B,No
665462,Monday,B,Yes
676698,Saturday,B,No
638822,Monday,B,No
863492,Wednesday,B,No
582187,Sunday,C,No
936102,Tuesday,C,No
391094,Sunday,C,No
318138,Monday,C,No
82725,Wednesday,A,No
624699,Tuesday,B,No
621032,Wednesday,B,No
661083,Monday,B,No
831646,Sunday,C,No
808693,Thursday,B,No
19188,Sunday,C,No
134988,Thursday,A,No
436167,Tuesday,C,No
953737,Wednesday,B,No
194616,Monday,A,No
200050,Friday,A,No
517919,Monday,C,No
46123,Thursday,C,No
52288,Wednesday,A,No
269261,Thursday,A,No
883034,Sunday,B,No
128490,Tuesday,A,No
462568,Thursday,A,No
689972,Thursday,B,No
482807,Saturday,C,No
809126,Friday,B,No
927882,Sunday,B,No
238816,Friday,A,No
344052,Friday,A,No
591130,Monday,C,No
535764,Monday,B,No
664945,Wednesday,B,No
347645,Thursday,A,No
146779,Sunday,C,No
826599,Thursday,B,No
454479,Thursday,A,No
185218,Saturday,A,No
968300,Thursday,C,No
218420,Thursday,C,No
844059,Monday,B,No
148133,Monday,C,No
82565,Sunday,A,No
714036,Saturday,B,No
163068,Friday,A,No
76438,Monday,A,Yes
55336,Wednesday,A,No
411556,Monday,A,No
469719,Sunday,C,No
190964,Saturday,C,No
305806,Saturday,A,No
734357,Sunday,C,Yes
706727,Thursday,B,No
276730,Saturday,A,No
255878,Monday,A,No
258228,Tuesday,A,No
715057,Friday,B,No
509054,Wednesday,C,No
983536,Thursday,B,No
47342,Monday,A,Yes
796311,Sunday,B,No
571076,Wednesday,C,No
901331,Saturday,B,No
294580,Wednesday,A,No
754091,Thursday,B,No
405685,Friday,A,No
351807,Wednesday,A,No
497706,Sunday,C,No
469471,Tuesday,A,No
892173,Wednesday,B,No
671358,Saturday,B,No
701019,Friday,B,No
983102,Thursday,B,No
142119,Friday,A,No
544824,Thursday,C,No
745840,Monday,C,No
719105,Friday,B,No
65575,Wednesday,A,No
523386,Thursday,B,No
717484,Wednesday,C,No
663875,Wednesday,B,No
767334,Wednesday,C,No
922975,Monday,B,No
141396,Thursday,A,No
997919,Wednesday,B,No
793291,Tuesday,B,No
796718,Tuesday,B,No
319425,Monday,A,No
952425,Sunday,B,No
475591,Tuesday,A,No
203736,Saturday,A,No
647755,Wednesday,B,No
736132,Tuesday,B,No
661519,Saturday,B,No
151578,Tuesday,C,No
662739,Thursday,B,No
702620,Wednesday,B,No
608551,Thursday,B,No
827984,Sunday,C,No
947398,Tuesday,B,No
332386,Sunday,A,No
447113,Sunday,C,No
84933,Wednesday,A,No
389390,Monday,C,No
776571,Tuesday,B,No
877862,Tuesday,B,No
143794,Thursday,A,No
238487,Monday,A,No
552008,Sunday,B,No
863560,Wednesday,B,No
585648,Thursday,C,No
39108,Thursday,C,No
645531,Friday,B,No
326088,Sunday,A,No
438081,Wednesday,A,No
225168,Tuesday,A,No
295965,Monday,C,No
55881,Friday,C,No
64092,Sunday,A,No
987009,Sunday,B,No
443742,Friday,C,No
527491,Wednesday,C,No
782289,Wednesday,C,No
19834,Sunday,C,No
464968,Wednesday,A,No
755780,Monday,B,No
286096,Tuesday,A,No
3842,Sunday,A,No
153256,Tuesday,A,No
342145,Thursday,A,No
842073,Saturday,B,No
127780,Thursday,A,No
180388,Monday,A,No
771100,Thursday,C,No
517922,Monday,B,No
550872,Saturday,B,No
103914,Saturday,A,No
701313,Monday,B,No
397813,Saturday,A,Yes
357234,Friday,A,No
45775,Tuesday,A,No
233571,Thursday,C,No
289562,Sunday,A,No
654023,Tuesday,C,No
368181,Sunday,C,No
366082,Friday,A,Yes
864089,Sunday,C,No
244612,Thursday,A,No
815201,Wednesday,B,No
303733,Friday,C,No
765842,Tuesday,B,No
879199,Thursday,B,Yes
378015,Monday,C,No
261760,Thursday,C,No
769712,Monday,B,Yes
810251,Wednesday,B,No
727813,Sunday,B,No
953155,Monday,B,No
915461,Monday,C,No
153747,Tuesday,C,No
595462,Monday,B,No
526600,Sunday,B,No
364083,Saturday,A,Yes
775543,Monday,B,No
494562,Friday,A,No
324363,Friday,A,No
220383,Sunday,A,No
556677,Wednesday,B,No
734970,Sunday,B,No
413856,Monday,C,No
419741,Tuesday,A,No
24924,Monday,C,No
267216,Monday,A,No
144584,Friday,C,No
587052,Friday,B,Yes
835420,Saturday,C,No
481283,Monday,A,No
219283,Monday,C,No
820721,Friday,B,No
865026,Monday,B,No
709468,Friday,B,No
717163,Saturday,B,No
707170,Tuesday,B,No
485351,Wednesday,A,No
161621,Monday,A,No
646063,Friday,B,No
800559,Sunday,C,No
562674,Tuesday,B,No
317050,Sunday,A,No
139722,Friday,C,No
446349,Wednesday,A,No
819989,Thursday,B,No
964332,Sunday,B,No
372083,Tuesday,A,No
487174,Wednesday,A,No
570672,Wednesday,B,No
943337,Tuesday,B,No
51522,Wednesday,C,Yes
946245,Saturday,B,No
123287,Wednesday,A,No
114381,Thursday,C,No
610576,Wednesday,C,No
354215,Thursday,C,No
43086,Wednesday,A,No
564215,Tuesday,B,No
870514,Wednesday,B,No
977694,Sunday,B,No
19322,Wednesday,A,No
939796,Friday,C,No
621066,Saturday,B,No
509933,Thursday,C,No
435136,Saturday,C,No
475902,Tuesday,C,No
264174,Sunday,A,No
395493,Monday,C,No
159252,Thursday,A,No
624868,Sunday,B,No
579296,Monday,C,No
134326,Wednesday,C,No
610895,Thursday,B,No
500466,Wednesday,B,No
262937,Saturday,A,No
302566,Thursday,A,No
934335,Wednesday,B,No
364690,Wednesday,A,No
911664,Friday,B,No
82116,Sunday,A,No
753909,Sunday,B,No
485436,Saturday,C,No
321292,Tuesday,C,No
892360,Tuesday,B,No
945513,Wednesday,C,No
727054,Monday,C,No
309039,Tuesday,C,No
810940,Thursday,B,No
287951,Sunday,A,No
111524,Saturday,C,No
378003,Saturday,A,No
775289,Sunday,B,Yes
663297,Thursday,B,No
498280,Monday,A,No
321370,Tuesday,A,No
684453,Sunday,B,No
18067,Monday,A,No
402748,Thursday,C,No
195675,Tuesday,A,No
136067,Monday,C,No
84741,Thursday,A,No
40578,Saturday,A,No
241594,Thursday,C,No
974726,Friday,C,No
320815,Monday,A,No
728755,Thursday,B,No
816668,Monday,C,No
596466,Wednesday,B,No
905257,Wednesday,B,No
631358,Monday,C,No
506934,Saturday,C,No
785715,Monday,B,No
492669,Thursday,A,No
79355,Monday,A,No
429140,Sunday,A,No
839177,Saturday,C,No
186656,Sunday,C,No
539724,Thursday,B,No
232517,Tuesday,A,No
230688,Saturday,A,No
859692,Saturday,B,No
365255,Tuesday,A,No
237552,Friday,A,No
92019,Sunday,A,No
899559,Tuesday,B,No
771478,Tuesday,B,No
783447,Sunday,B,No
329418,Thursday,A,No
548086,Thursday,B,No
385039,Sunday,A,No
274943,Monday,C,No
106884,Friday,A,No
930173,Monday,C,No
55293,Saturday,A,No
349845,Saturday,A,No
957150,Monday,B,No
805952,Saturday,C,No
717146,Friday,B,No
643570,Tuesday,C,No
247418,Saturday,A,No
807251,Monday,C,Yes
886659,Tuesday,B,No
874481,Saturday,B,No
565287,Saturday,B,No
513221,Saturday,B,No
581472,Friday,C,No
710524,Sunday,B,No
441313,Tuesday,C,No
648306,Saturday,C,No
342206,Sunday,A,No
487658,Tuesday,A,No
69037,Wednesday,A,No
512332,Thursday,C,No
23547,Thursday,C,No
658158,Friday,C,No
400957,Wednesday,A,No
669349,Tuesday,C,No
126305,Wednesday,C,No
431773,Thursday,A,No
260760,Saturday,C,No
743420,Tuesday,B,No
938835,Saturday,C,No
600446,Saturday,C,No
319980,Friday,A,No
573288,Thursday,B,No
714564,Wednesday,B,No
680829,Monday,B,No
777796,Friday,B,No
514773,Friday,C,No
688946,Tuesday,B,No
843824,Thursday,B,No
787881,Tuesday,C,No
83961,Friday,A,No
30156,Tuesday,A,No
357648,Monday,A,No
96622,Wednesday,A,No
51755,Friday,A,No
250780,Monday,A,No
868712,Friday,B,No
794066,Tuesday,B,No
865804,Monday,C,No
698927,Sunday,B,No
655662,Sunday,B,No
255018,Tuesday,A,No
599620,Sunday,B,No
448800,Friday,A,No
153933,Wednesday,A,No
426093,Thursday,A,No
23183,Thursday,C,No
305238,Thursday,A,No
337151,Tuesday,A,No
28207,Friday,A,No
807786,Monday,C,No
20721,Sunday,A,No
385847,Monday,C,No
73433,Wednesday,A,No
121314,Thursday,C,No
854521,Monday,B,No
766097,Friday,C,No
849213,Thursday,C,No
514465,Saturday,C,No
33127,Saturday,A,No
492132,Sunday,A,No
610165,Saturday,B,Yes
572395,Thursday,C,No
198416,Friday,C,No
550770,Saturday,B,No
797546,Monday,B,No
700389,Monday,B,No
868155,Tuesday,B,No
143694,Thursday,A,No
348648,Saturday,C,No
250835,Sunday,A,No
158139,Thursday,A,No
278485,Sunday,C,No
521039,Thursday,C,No
912657,Saturday,B,No
733079,Thursday,C,No
384969,Thursday,A,No
582865,Monday,B,No
311407,Thursday,A,No
180083,Thursday,A,No
433882,Tuesday,C,No
659779,Sunday,B,No
170009,Thursday,C,Yes
818261,Saturday,B,No
864640,Sunday,B,No
669783,Wednesday,B,No
175680,Wednesday,A,No
321124,Monday,C,No
394174,Thursday,C,No
409399,Tuesday,A,No
104473,Wednesday,A,No
267737,Sunday,A,No
32242,Sunday,A,No
110573,Tuesday,C,No
549829,Friday,B,No
170629,Saturday,C,No
234582,Friday,A,No
659281,Friday,B,No
329277,Sunday,A,No
237117,Friday,C,No
889855,Saturday,B,No
568135,Saturday,C,No
192334,Tuesday,A,No
366636,Tuesday,A,No
940132,Tuesday,B,No
344142,Wednesday,C,No
431557,Friday,C,Yes
611182,Tuesday,B,No
524089,Thursday,B,No
237779,Tuesday,C,No
250599,Friday,C,No
847104,Tuesday,B,No
162224,Saturday,C,No
174410,Friday,C,No
304379,Thursday,A,No
417465,Saturday,A,No
576280,Tuesday,B,No
267583,Tuesday,C,No
459879,Tuesday,C,No
674057,Sunday,B,No
9245,Friday,A,No
673815,Friday,B,No
516642,Wednesday,B,No
550165,Friday,C,No
127758,Friday,A,No
599068,Wednesday,B,No
696174,Sunday,B,No
561246,Friday,B,No
583756,Friday,B,No
880206,Thursday,B,No
691394,Sunday,B,No
264116,Sunday,A,No
226695,Wednesday,A,No
149091,Thursday,A,No
190952,Friday,A,No
660810,Monday,B,No
200195,Tuesday,C,No
215259,Tuesday,A,No
989867,Sunday,B,No
525683,Monday,B,No
137364,Saturday,A,No
736614,Friday,B,No
455762,Thursday,C,No
587776,Wednesday,C,No
681588,Thursday,C,No
946103,Thursday,C,No
443635,Sunday,A,No
19516,Friday,A,No
707084,Wednesday,B,No
270679,Tuesday,A,No
145276,Monday,A,No
725511,Tuesday,C,No
182916,Wednesday,C,No
694818,Friday,C,No
604573,Tuesday,C,No
767216,Thursday,C,No
560586,Friday,B,No
624525,Monday,B,No
493056,Saturday,A,No
752652,Wednesday,B,No
428326,Saturday,A,No
888947,Monday,C,No
618535,Friday,C,Yes
794296,Tuesday,C,No
231335,Wednesday,C,No
994629,Saturday,B,Yes
588367,Monday,B,No
646866,Sunday,B,No
655147,Thursday,C,No
416350,Thursday,A,No
84068,Monday,A,No
342872,Sunday,C,No
3268,Thursday,A,No
372794,Monday,A,No
41128,Friday,A,No
128864,Thursday,A,No
506047,Friday,B,No
393205,Friday,A,No
286010,Monday,A,No
842770,Monday,B,No
82769,Saturday,A,No
924473,Tuesday,B,No
531598,Monday,C,No
936105,Wednesday,B,No
385577,Tuesday,C,No
47025,Wednesday,A,No
973612,Friday,C,No
60299,Saturday,C,No
988332,Sunday,B,No
400375,Monday,C,No
217420,Sunday,A,No
193811,Tuesday,A,No
742923,Sunday,C,No
61545,Thursday,A,No
801478,Friday,C,No
598470,Wednesday,C,No
256194,Wednesday,A,No
108115,Sunday,A,No
550228,Tuesday,C,No
716261,Friday,B,No
453812,Wednesday,A,No
47732,Sunday,A,No
223341,Wednesday,A,No
769914,Wednesday,B,No
157670,Friday,A,No
265544,Monday,C,No
426624,Wednesday,C,No
285415,Tuesday,C,No
560882,Thursday,B,No
287866,Monday,A,Yes
828839,Thursday,C,No
200052,Friday,C,No
720765,Friday,B,No
514136,Sunday,B,No
667451,Monday,C,No
619704,Sunday,B,No
4873,Saturday,A,No
180090,Sunday,A,No
188665,Friday,C,No
606622,Thursday,C,No
164371,Thursday,C,No
796584,Sunday,C,No
198626,Monday,A,No
528490,Tuesday,B,No
665408,Sunday,C,No
457845,Saturday,C,No
76745,Monday,C,No
81829,Thursday,A,No
509970,Monday,B,No
246297,Monday,C,Yes
631369,Friday,B,No
608861,Sunday,C,No
935897,Tuesday,C,No
875957,Saturday,B,Yes
646080,Thursday,C,No
69921,Wednesday,A,No
375349,Wednesday,A,No
608636,Saturday,B,No
720231,Sunday,B,No
580200,Tuesday,C,No
718516,Tuesday,B,No
796395,Friday,B,No
274988,Wednesday,A,No
47527,Friday,A,No
725659,Monday,B,No
189861,Monday,A,No
776964,Saturday,B,No
449289,Tuesday,C,No
978931,Saturday,B,No
367400,Tuesday,A,No
491511,Saturday,A,No
424682,Sunday,C,No
557109,Thursday,B,No
645671,Wednesday,B,No
137470,Sunday,C,No
335911,Friday,A,No
857407,Wednesday,C,No
176327,Sunday,A,No
20595,Wednesday,A,No
264832,Wednesday,C,No
77601,Sunday,C,No
284262,Thursday,C,No
847812,Tuesday,B,Yes
999879,Saturday,B,Yes
977798,Saturday,C,No
707870,Friday,C,No
481434,Monday,C,No
216503,Tuesday,C,No
881904,Thursday,C,No
738201,Saturday,B,No
461059,Saturday,A,No
316773,Monday,C,No
552964,Wednesday,C,No
642618,Tuesday,B,No
684191,Monday,C,No
827347,Tuesday,B,No
270004,Sunday,C,No
109644,Wednesday,C,No
682490,Friday,B,No
771087,Saturday,B,No
741180,Thursday,B,No
635128,Thursday,B,No
736270,Friday,B,No
149436,Monday,A,No
286125,Tuesday,A,No
567703,Thursday,B,No
771604,Saturday,B,No
730820,Monday,C,No
783449,Wednesday,B,No
207306,Sunday,A,No
349913,Monday,A,No
476799,Sunday,C,No
1316,Wednesday,A,No
37319,Sunday,A,No
904719,Friday,C,No
874062,Thursday,B,No
480733,Saturday,A,No
459769,Sunday,C,No
567168,Saturday,C,No
148108,Thursday,A,No
987140,Tuesday,B,No
909485,Friday,C,No
187743,Friday,A,No
704785,Saturday,C,No
941241,Sunday,C,No
248323,Wednesday,A,No
78316,Friday,A,No
314461,Saturday,C,No
332752,Saturday,A,No
1888,Monday,A,No
372058,Saturday,C,No
200450,Monday,A,No
775659,Sunday,B,No
846308,Sunday,B,No
121918,Thursday,C,No
910386,Tuesday,C,No
897322,Sunday,B,Yes
739348,Thursday,C,No
569697,Friday,C,No
166960,Friday,C,No
899484,Friday,B,No
339649,Monday,A,No
787538,Saturday,B,No
716644,Thursday,B,No
179812,Sunday,C,No
250319,Sunday,A,No
16870,Saturday,C,No
983034,Tuesday,B,No
557866,Saturday,B,No
265726,Friday,A,No
334234,Tuesday,C,No
1628,Wednesday,A,No
937389,Friday,B,No
141248,Friday,C,No
55813,Monday,A,No
703184,Thursday,B,No
110668,Friday,A,Yes
777302,Tuesday,B,No
409668,Thursday,A,No
700452,Friday,C,No
104040,Sunday,A,No
360213,Saturday,A,No
214674,Thursday,A,No
237441,Thursday,A,No
420197,Thursday,A,No
471842,Tuesday,C,Yes
255404,Sunday,A,No
34912,Wednesday,A,No
676512,Monday,B,No
850327,Monday,B,No
314228,Saturday,A,No
988043,Sunday,B,No
725198,Sunday,B,No
668445,Tuesday,B,No
138113,Monday,A,No
207102,Tuesday,A,No
934339,Saturday,C,No
21363,Thursday,C,No
539707,Friday,B,No
475397,Thursday,C,No
617596,Tuesday,B,No
358391,Wednesday,C,No
915098,Tuesday,C,No
485606,Thursday,C,No
859419,Friday,B,No
93934,Monday,A,No
825281,Saturday,C,No
4656,Sunday,A,No
514895,Wednesday,C,No
573076,Saturday,B,No
388338,Wednesday,A,No
678454,Friday,B,No
239228,Sunday,A,No
203521,Sunday,A,No
739135,Thursday,C,No
30749,Saturday,A,No
869595,Thursday,B,No
223316,Tuesday,A,No
714228,Thursday,B,No
52699,Tuesday,A,No
295874,Sunday,C,No
963375,Saturday,B,No
698764,Sunday,B,No
922060,Monday,C,No
144153,Tuesday,A,No
124368,Monday,A,No
621820,Wednesday,B,No
824897,Sunday,C,No
280135,Friday,A,No
348029,Friday,A,No
602920,Sunday,C,No
712829,Thursday,C,No
154520,Tuesday,A,No
167171,Wednesday,A,No
400362,Monday,A,No
203099,Tuesday,C,No
12746,Monday,A,No
591617,Sunday,C,No
334348,Saturday,A,No
761677,Monday,B,Yes
190196,Monday,A,No
401630,Sunday,C,No
648487,Thursday,C,No
471213,Saturday,A,No
27509,Saturday,A,No
129998,Friday,A,No
307199,Wednesday,A,No
470061,Thursday,A,No
46299,Tuesday,A,No
483919,Wednesday,A,No
523650,Monday,B,No
966520,Tuesday,B,No
70412,Wednesday,C,No
64213,Monday,C,No
809156,Monday,B,No
652808,Wednesday,B,No
567901,Tuesday,B,No
746331,Sunday,C,No
977440,Wednesday,C,No
501808,Thursday,B,No
922622,Wednesday,C,No
591055,Saturday,B,No
509278,Friday,C,No
222902,Wednesday,A,No
427616,Monday,A,No
898920,Sunday,C,No
202016,Wednesday,C,No
928235,Wednesday,C,No
604391,Saturday,B,No
388766,Friday,C,No
371252,Friday,A,No
145123,Saturday,A,No
130885,Tuesday,A,No
122491,Tuesday,A,No
383104,Thursday,C,No
633213,Saturday,B,No
866974,Saturday,B,No
319340,Thursday,A,No
351412,Tuesday,A,No
347351,Sunday,C,No
130121,Friday,A,No
242916,Sunday,A,No
823602,Wednesday,B,No
664394,Tuesday,C,No
436763,Friday,C,No
221039,Monday,A,No
298917,Saturday,A,No
392781,Wednesday,C,No
712038,Saturday,B,No
467209,Friday,A,No
7594,Monday,A,No
480421,Wednesday,C,No
288354,Monday,A,No
776125,Saturday,C,No
606873,Sunday,B,No
544776,Monday,C,No
788130,Friday,C,No
790064,Friday,B,No
793384,Wednesday,C,No
705105,Saturday,B,No
810699,Wednesday,B,No
238434,Thursday,A,No
271121,Monday,A,No
929582,Thursday,B,No
773507,Saturday,B,No
754095,Tuesday,B,No
783021,Wednesday,B,No
800061,Friday,B,No
648830,Wednesday,B,No
592929,Sunday,C,No
710787,Tuesday,C,No
762640,Wednesday,C,No
686785,Wednesday,B,No
849361,Tuesday,C,No
352809,Wednesday,C,No
193691,Saturday,A,No
274064,Wednesday,C,No
679356,Monday,B,No
180281,Sunday,A,No
541908,Monday,B,No
297611,Monday,A,No
181808,Tuesday,A,No
349794,Wednesday,A,No
952840,Sunday,B,No
550824,Friday,B,No
965633,Sunday,B,No
945785,Saturday,C,No
680350,Friday,B,No
25802,Saturday,C,No
387583,Tuesday,A,No
731874,Friday,C,No
955412,Monday,C,No
35096,Monday,A,No
359501,Saturday,A,No
78204,Saturday,C,No
338047,Monday,A,No
4919,Thursday,A,No
395946,Tuesday,C,Yes
364804,Friday,A,No
946349,Tuesday,B,No
551707,Thursday,C,No
807458,Wednesday,C,No
366682,Sunday,A,No
780075,Saturday,B,No
637279,Thursday,B,No
819200,Saturday,B,No
612459,Sunday,C,No
836001,Tuesday,C,No
47986,Thursday,A,No
40342,Monday,C,No
643732,Saturday,B,No
94487,Thursday,A,Yes
399905,Sunday,C,No
44000,Monday,A,No
678228,Thursday,B,No
809811,Tuesday,B,No
755591,Sunday,B,No
21042,Monday,C,No
638222,Thursday,C,No
651356,Wednesday,B,No
430827,Sunday,A,No
22420,Tuesday,A,No
572742,Thursday,B,No
732514,Wednesday,C,No
835989,Friday,B,No
551084,Wednesday,B,No
944538,Friday,B,Yes
533640,Sunday,B,No
205534,Sunday,C,No
324642,Wednesday,A,No
421232,Thursday,C,No
679535,Friday,B,No
231115,Saturday,A,No
848877,Wednesday,C,No
151869,Monday,A,No
706760,Sunday,B,No
181823,Saturday,A,No
345423,Thursday,C,No
666048,Sunday,B,No
341484,Sunday,A,No
966072,Friday,B,No
715261,Wednesday,B,No
289098,Sunday,C,No
527079,Tuesday,B,No
990715,Friday,B,No
560777,Saturday,B,No
51166,Tuesday,A,No
397941,Saturday,A,No
467863,Friday,C,No
976611,Tuesday,B,No
931217,Saturday,B,No
263065,Saturday,A,No
293829,Thursday,A,No
840424,Tuesday,B,No
422226,Monday,A,No
830888,Sunday,B,No
470064,Tuesday,C,No
925014,Friday,B,No
670532,Wednesday,B,No
925536,Saturday,B,No
886643,Monday,B,No
682430,Wednesday,C,No
693476,Sunday,C,No
215358,Wednesday,C,No
873087,Monday,B,No
456342,Saturday,A,No
576677,Wednesday,C,No
352491,Wednesday,C,No
876119,Sunday,C,No
776369,Saturday,C,No
712743,Sunday,B,No
700808,Thursday,B,No
259790,Sunday,A,No
489600,Friday,C,No
785080,Thursday,C,No
348179,Friday,A,No
735690,Sunday,B,No
902407,Saturday,B,Yes
736770,Thursday,B,No
756521,Sunday,C,No
950313,Saturday,B,No
415098,Sunday,A,No
340314,Tuesday,C,No
886839,Sunday,C,No
589663,Monday,B,No
342602,Thursday,C,No
416535,Monday,A,No
800355,Saturday,B,No
303350,Friday,C,No
882095,Wednesday,B,No
879492,Thursday,C,No
432833,Friday,A,No
750409,Thursday,C,No
821571,Monday,C,No
770895,Friday,B,No
888353,Wednesday,B,No
519646,Friday,C,No
901456,Wednesday,C,No
73471,Tuesday,A,No
744432,Friday,C,No
490158,Monday,A,No
581701,Monday,B,No
628395,Wednesday,C,No
28888,Friday,A,No
934807,Saturday,B,No
596616,Friday,B,No
521592,Wednesday,B,No
721044,Friday,C,Yes
312972,Wednesday,A,No
577417,Saturday,B,No
727140,Friday,B,No
719038,Sunday,B,No
902838,Tuesday,B,No
776779,Friday,B,No
857844,Saturday,B,No
130172,Thursday,A,No
230666,Saturday,C,No
30367,Saturday,A,No
26947,Tuesday,A,No
813862,Tuesday,C,No
813974,Friday,B,No
103342,Friday,C,No
816505,Tuesday,B,No
984169,Thursday,C,No
618660,Thursday,B,No
170840,Wednesday,A,Yes
88453,Tuesday,C,No
596441,Monday,C,No
451084,Friday,A,No
154666,Monday,A,No
793565,Saturday,B,No
69622,Saturday,A,No
652885,Wednesday,B,No
178606,Saturday,C,No
783892,Tuesday,C,No
917329,Saturday,B,No
552035,Friday,B,No
307462,Monday,C,No
366824,Saturday,A,No
86473,Sunday,C,No
804702,Tuesday,B,Yes
68851,Saturday,A,No
188445,Sunday,C,No
954164,Sunday,C,No
353103,Monday,A,No
509706,Wednesday,C,No
164628,Monday,A,No
347397,Wednesday,C,No
284244,Tuesday,A,No
227140,Saturday,A,No
258102,Wednesday,A,No
293075,Wednesday,A,No
244054,Wednesday,C,No
558657,Saturday,B,No
313744,Thursday,A,No
925986,Sunday,C,No
401401,Sunday,C,No
207888,Saturday,A,No
688877,Tuesday,B,No
407772,Sunday,A,No
927742,Sunday,B,No
330527,Friday,C,No
279402,Friday,A,No
665075,Sunday,B,No
561772,Wednesday,C,No
19383,Tuesday,A,No
823255,Monday,B,No
412854,Sunday,A,No
471742,Saturday,C,No
786690,Saturday,C,No
955719,Friday,C,No
945116,Saturday,B,No
367949,Sunday,C,No
748017,Friday,B,No
539381,Sunday,B,No
774187,Tuesday,B,No
248273,Thursday,A,No
955093,Wednesday,C,No
302452,Monday,A,No
19097,Tuesday,C,No
272396,Friday,C,No
551229,Tuesday,B,Yes
889617,Thursday,B,No
883700,Friday,B,No
794649,Sunday,B,No
213989,Tuesday,A,No
407427,Wednesday,C,No
208210,Saturday,C,No
134373,Wednesday,C,No
677811,Sunday,C,No
266427,Thursday,C,No
582149,Tuesday,B,No
526225,Sunday,C,No
452391,Monday,A,No
532342,Friday,B,No
356454,Sunday,A,No
46593,Tuesday,C,No
367539,Saturday,A,No
257186,Tuesday,C,No
391394,Tuesday,A,No
496584,Tuesday,A,No
429483,Wednesday,C,No
884620,Monday,B,No
758128,Friday,B,Yes
780054,Sunday,C,No
649514,Thursday,B,No
568802,Monday,B,No
957593,Friday,C,No
796048,Wednesday,B,No
97705,Wednesday,C,No
81731,Saturday,C,No
716638,Thursday,B,No
455772,Wednesday,C,No
946191,Thursday,B,No
301443,Friday,A,No
330264,Sunday,A,No
102000,Sunday,C,No
131264,Friday,A,No
44527,Tuesday,C,Yes
41443,Tuesday,C,No
315399,Thursday,A,No
711466,Sunday,B,No
957976,Tuesday,B,No
542695,Saturday,C,No
425380,Friday,A,No
879991,Wednesday,B,No
994159,Thursday,B,No
631759,Sunday,B,No
148379,Monday,A,No
237656,Sunday,A,No
322771,Monday,A,No
58891,Monday,C,No
90235,Wednesday,A,No
967400,Saturday,B,No
635439,Friday,C,No
900450,Wednesday,B,No
440843,Monday,C,No
430489,Monday,A,Yes
567085,Wednesday,B,No
156963,Sunday,C,No
369474,Sunday,C,No
394049,Tuesday,A,No
707516,Saturday,C,No
983713,Tuesday,B,No
277569,Wednesday,C,No
312057,Thursday,A,No
323951,Friday,C,No
520082,Thursday,C,No
691696,Saturday,B,No
794,Thursday,A,No
395033,Tuesday,C,No
289677,Saturday,A,No
573896,Monday,B,No
553168,Friday,C,No
118392,Tuesday,A,No
275727,Tuesday,C,No
764561,Monday,B,No
553912,Friday,C,No
894005,Wednesday,B,No
156465,Thursday,A,No
895133,Tuesday,C,No
17956,Tuesday,A,No
872324,Wednesday,C,No
283769,Friday,A,No
188821,Friday,C,No
718028,Friday,C,No
739201,Monday,B,No
765585,Saturday,B,No
427791,Tuesday,A,No
570268,Monday,C,No
146459,Monday,A,No
466617,Wednesday,A,No
678477,Tuesday,C,No
475688,Tuesday,A,No
579533,Thursday,B,No
444006,Tuesday,A,No
414087,Friday,C,No
660369,Monday,C,No
369498,Friday,C,Yes
189568,Tuesday,A,No
938738,Wednesday,C,No
501595,Thursday,C,No
768046,Monday,B,No
849895,Saturday,B,No
379166,Wednesday,A,No
246766,Sunday,C,No
553386,Thursday,B,No
165078,Wednesday,C,No
312718,Wednesday,A,No
39525,Wednesday,A,No
519545,Wednesday,B,No
279895,Monday,A,No
701924,Tuesday,C,No
905080,Friday,C,No
92131,Saturday,A,No
163246,Saturday,A,No
834972,Friday,B,No
600908,Monday,B,No
623609,Friday,C,No
540384,Friday,B,No
742630,Monday,B,No
360658,Monday,A,No
102214,Saturday,C,No
335150,Saturday,C,No
832090,Monday,B,No
199292,Tuesday,A,No
820583,Wednesday,B,Yes
190737,Monday,C,No
872018,Wednesday,C,No
419517,Tuesday,C,No
519689,Monday,B,No
266667,Sunday,A,No
151740,Tuesday,A,No
633906,Monday,B,No
895324,Friday,B,No
357554,Wednesday,A,No
21726,Monday,A,No
190118,Sunday,C,No
871639,Monday,B,No
66639,Monday,C,No
175958,Saturday,C,Yes
331727,Saturday,C,No
9405,Thursday,C,No
388702,Friday,C,No
827827,Sunday,B,No
823392,Monday,B,No
2870,Wednesday,A,No
948546,Saturday,B,No
768485,Sunday,C,No
257376,Sunday,A,No
17845,Wednesday,A,No
138500,Tuesday,A,No
175964,Sunday,C,No
261594,Friday,A,No
934605,Friday,B,No
550864,Saturday,B,No
704671,Monday,B,No
145169,Wednesday,A,No
383864,Sunday,A,No
617893,Tuesday,B,No
557028,Wednesday,B,No
586276,Friday,C,No
746740,Wednesday,C,No
680036,Monday,C,No
579308,Wednesday,B,No
687028,Monday,B,No
295874,Friday,A,No
139521,Friday,A,No
801473,Sunday,B,No
284891,Sunday,A,No
841170,Tuesday,B,No
880875,Saturday,B,No
501876,Tuesday,C,No
146333,Friday,A,No
857264,Wednesday,C,No
693836,Saturday,C,No
29985,Sunday,A,No
819647,Thursday,B,No
319300,Saturday,A,Yes
784846,Monday,B,No
60516,Monday,C,No
737736,Monday,B,No
4118,Tuesday,A,No
277237,Monday,A,No
800966,Tuesday,B,No
498529,Wednesday,A,No
189343,Thursday,C,No
698042,Monday,B,No
757069,Tuesday,B,No
655901,Saturday,B,No
563014,Friday,B,No
918539,Tuesday,B,No
751528,Thursday,C,No
606914,Thursday,B,No
918097,Sunday,B,No
190205,Friday,C,No
445544,Monday,A,No
807805,Saturday,C,No
417485,Friday,A,No
542678,Monday,C,No
6963,Sunday,C,No
146861,Tuesday,A,No
755688,Tuesday,B,No
918923,Saturday,C,No
356649,Monday,A,No
598052,Tuesday,B,No
905311,Saturday,C,No
170996,Monday,A,No
269956,Tuesday,C,No
355978,Tuesday,C,No
636913,Sunday,B,No
674704,Thursday,C,No
620391,Sunday,B,No
43604,Tuesday,A,No
853742,Thursday,B,No
377329,Monday,A,No
504337,Sunday,C,No
852350,Tuesday,B,No
550342,Thursday,B,No
615735,Saturday,B,No
648020,Saturday,C,No
461021,Tuesday,A,No
461484,Tuesday,C,No
705785,Sunday,B,No
197973,Wednesday,A,No
415931,Tuesday,A,No
56415,Saturday,A,No
501789,Monday,B,No
350367,Saturday,C,No
910855,Sunday,B,Yes
520280,Thursday,B,No
578012,Monday,B,No
799633,Saturday,B,No
315503,Wednesday,A,No
955466,Thursday,B,No
162402,Friday,A,No
572263,Thursday,C,No
608145,Wednesday,B,No
801704,Tuesday,B,No
78247,Wednesday,C,No
762580,Wednesday,B,No
343516,Monday,A,No
776276,Monday,C,No
829745,Friday,C,No
920665,Sunday,B,No
208896,Sunday,A,No
795764,Saturday,B,No
590839,Tuesday,B,No
535180,Tuesday,B,No
857774,Sunday,C,No
751691,Monday,C,No
438830,Monday,A,No
645596,Wednesday,B,No
245305,Thursday,A,No
567546,Monday,B,No
55670,Friday,A,No
682783,Tuesday,B,No
276329,Wednesday,C,No
286325,Friday,A,No
495691,Monday,A,No
276693,Wednesday,A,No
251865,Wednesday,A,No
764089,Saturday,B,Yes
581041,Friday,B,No
374176,Tuesday,A,No
609246,Tuesday,B,No
574368,Sunday,B,No
387223,Saturday,C,No
216305,Thursday,A,No
362142,Monday,A,No
831633,Sunday,B,No
33775,Saturday,A,No
490134,Sunday,A,No
44521,Monday,A,No
595044,Tuesday,B,Yes
875762,Sunday,B,No
128978,Thursday,A,No
712693,Saturday,B,No
666456,Saturday,B,No
344473,Friday,A,No
738559,Sunday,B,No
988442,Friday,B,No
417054,Friday,C,Yes
231264,Sunday,A,No
837899,Thursday,B,No
576391,Thursday,C,No
901594,Saturday,B,No
440896,Saturday,C,Yes
42700,Saturday,A,No
959907,Thursday,B,No
539563,Tuesday,B,No
598009,Friday,B,No
783117,Tuesday,B,No
956197,Monday,C,No
310184,Friday,A,No
305571,Sunday,A,No
663786,Sunday,B,No
639076,Saturday,C,No
971017,Tuesday,C,No
827262,Tuesday,B,No
721567,Sunday,C,No
445037,Thursday,C,No
311703,Wednesday,A,No
849668,Saturday,C,No
855749,Thursday,B,No
657165,Sunday,B,No
131367,Thursday,A,No
643738,Wednesday,B,No
671027,Wednesday,B,Yes
679204,Thursday,C,No
457642,Wednesday,A,No
569996,Thursday,B,No
627787,Friday,B,No
627378,Tuesday,C,No
390612,Wednesday,C,No
728671,Friday,B,No
890340,Thursday,B,No
474188,Sunday,A,No
856108,Sunday,C,No
557432,Friday,B,Yes
342259,Sunday,A,No
555703,Wednesday,C,No
145132,Thursday,A,No
560943,Wednesday,C,No
343747,Thursday,A,No
200660,Sunday,A,No
572717,Sunday,B,No
71789,Wednesday,A,No
728585,Tuesday,C,No
625483,Wednesday,B,No
962327,Friday,C,No
664369,Tuesday,B,No
376651,Friday,A,No
732638,Wednesday,B,No
530315,Friday,B,No
896001,Friday,C,No
307437,Thursday,A,No
852251,Wednesday,B,No
868666,Thursday,B,No
855673,Thursday,B,No
300697,Tuesday,C,No
745239,Saturday,B,No
920000,Friday,B,No
424279,Tuesday,A,No
889413,Saturday,B,Yes
855052,Friday,B,No
481554,Monday,A,No
937310,Wednesday,C,No
701258,Wednesday,C,No
318312,Saturday,A,No
852670,Sunday,B,No
423150,Friday,C,No
404155,Tuesday,A,No
957202,Wednesday,B,No
455150,Saturday,C,No
68733,Thursday,C,No
751256,Sunday,C,No
300046,Friday,A,No
468553,Saturday,A,No
719489,Wednesday,B,No
872982,Tuesday,B,No
303891,Wednesday,A,No
328283,Thursday,A,No
482557,Wednesday,A,No
873897,Saturday,C,No
923888,Thursday,B,No
967435,Saturday,B,No
136750,Thursday,C,No
663073,Sunday,B,No
999197,Monday,B,No
284809,Wednesday,A,No
76026,Wednesday,A,No
293073,Tuesday,A,No
653257,Tuesday,C,No
919603,Thursday,B,No
326836,Saturday,A,No
216728,Monday,A,No
353851,Thursday,C,No
81448,Friday,A,No
224640,Sunday,C,No
693379,Sunday,B,No
212811,Monday,A,No
464936,Monday,A,No
491154,Thursday,A,No
596510,Saturday,C,No
745955,Monday,C,No
212977,Sunday,C,No
392321,Thursday,A,No
379633,Sunday,A,No
75073,Saturday,A,No
595280,Friday,C,No
556890,Tuesday,B,No
369711,Wednesday,A,No
749601,Tuesday,C,No
650084,Monday,B,No
262423,Monday,C,No
192894,Saturday,C,No
534755,Thursday,B,No
418443,Monday,A,No
681802,Sunday,B,No
271745,Thursday,C,No
36766,Tuesday,A,No
605706,Thursday,B,No
976953,Friday,B,No
404359,Thursday,C,No
59403,Wednesday,C,No
410802,Tuesday,A,No
675012,Wednesday,B,No
267287,Tuesday,C,No
659772,Sunday,B,No
359623,Thursday,A,No
998376,Wednesday,B,No
703812,Sunday,C,No
55781,Friday,A,No
607333,Saturday,C,No
464338,Tuesday,A,No
367012,Saturday,A,No
330623,Monday,A,No
538635,Monday,B,No
802397,Sunday,B,No
343114,Saturday,A,No
620605,Friday,B,No
491983,Friday,A,No
767316,Sunday,B,No
855309,Wednesday,B,No
378007,Sunday,A,No
110271,Friday,C,No
128006,Monday,C,No
292979,Monday,C,No
671217,Monday,B,No
217511,Monday,C,No
600768,Sunday,C,No
613749,Tuesday,C,No
597096,Saturday,B,No
907848,Friday,B,No
231466,Saturday,A,No
85002,Monday,A,No
540239,Tuesday,B,No
189670,Sunday,A,No
822244,Sunday,B,No
974021,Monday,C,No
375875,Tuesday,C,No
774245,Monday,B,No
249486,Friday,A,No
552636,Sunday,C,No
216277,Wednesday,C,No
22428,Saturday,C,No
841488,Thursday,B,No
587307,Tuesday,C,No
649788,Monday,C,No
229235,Tuesday,A,No
92607,Wednesday,C,No
395130,Saturday,A,No
562395,Tuesday,B,Yes
734629,Friday,C,No
36212,Sunday,A,No
50976,Tuesday,A,No
797335,Wednesday,B,Yes
430311,Saturday,A,No
21483,Monday,C,No
118188,Thursday,C,No
189671,Friday,A,No
59958,Friday,A,No
23902,Tuesday,A,Yes
746904,Tuesday,B,No
583931,Thursday,B,No
760942,Saturday,B,No
255469,Tuesday,A,No
886025,Friday,C,No
945597,Sunday,B,No
419642,Monday,C,No
332041,Tuesday,A,No
89415,Monday,A,No
820048,Wednesday,C,Yes
541861,Sunday,B,No
354378,Wednesday,A,No
681895,Saturday,B,No
449866,Monday,A,No
644080,Sunday,B,No
973335,Wednesday,B,No
64785,Thursday,A,No
715308,Thursday,B,No
440118,Thursday,A,No
48788,Wednesday,C,No
225854,Monday,C,Yes
322789,Monday,C,No
935133,Sunday,C,Yes
271841,Tuesday,A,No
918416,Monday,B,No
404452,Thursday,A,No
139166,Tuesday,C,No
445772,Wednesday,A,No
808552,Friday,B,No
822085,Thursday,B,No
256007,Wednesday,C,No
7385,Wednesday,A,No
561743,Thursday,C,No
578933,Tuesday,B,No
152607,Friday,A,No
6430,Saturday,A,No
493733,Friday,A,No
555841,Saturday,C,No
457966,Monday,A,No
510989,Saturday,B,No
767046,Sunday,B,No
403139,Saturday,C,No
451059,Thursday,A,No
7077,Tuesday,A,No
384943,Saturday,A,No
696472,Friday,B,No
4703,Tuesday,A,No
971832,Sunday,B,No
503926,Thursday,B,No
305695,Friday,C,No
576405,Friday,B,No
766410,Friday,C,No
889589,Sunday,B,No
861077,Friday,C,No
952365,Thursday,C,No
915424,Wednesday,C,No
686007,Thursday,C,No
141982,Sunday,A,No
272849,Thursday,C,No
815393,Friday,C,No
609819,Saturday,B,No
493203,Friday,C,No
815635,Thursday,C,No
185581,Tuesday,C,No
352862,Tuesday,C,No
357325,Wednesday,A,No
212250,Monday,A,No
596240,Thursday,B,No
89545,Tuesday,C,No
816770,Tuesday,C,No
224327,Tuesday,A,No
583947,Saturday,B,No
654868,Saturday,B,No
31557,Saturday,A,No
824595,Thursday,C,No
925977,Thursday,B,No
805001,Thursday,B,No
350216,Friday,A,No
331637,Friday,C,No
653080,Tuesday,B,No
183598,Thursday,C,No
96800,Sunday,C,No
115046,Tuesday,A,No
87381,Sunday,C,No
467129,Monday,A,No
276056,Thursday,A,No
545811,Friday,B,No
288513,Saturday,C,No
495233,Tuesday,A,No
261773,Wednesday,C,No
736053,Sunday,B,No
652503,Wednesday,B,No
204990,Friday,A,No
632587,Wednesday,B,No
723594,Friday,C,No
436148,Thursday,C,No
859919,Saturday,B,No
598371,Friday,C,No
655456,Saturday,B,No
361193,Saturday,A,No
509311,Thursday,B,No
808343,Monday,C,No
185467,Friday,A,No
186486,Thursday,A,No
483666,Saturday,A,No
536245,Sunday,C,No
598225,Friday,B,No
761334,Tuesday,B,Yes
121606,Saturday,A,No
413697,Tuesday,C,No
520976,Tuesday,B,Yes
157837,Friday,A,No
576271,Saturday,B,Yes
179037,Wednesday,A,No
898763,Saturday,B,No
577416,Tuesday,C,No
566507,Sunday,B,No
106558,Wednesday,A,Yes
683694,Thursday,B,No
367932,Monday,C,No
795603,Tuesday,C,No
974919,Sunday,B,No
835804,Friday,B,No
499759,Tuesday,A,No
144227,Thursday,A,No
535742,Tuesday,B,No
723999,Friday,B,No
772544,Saturday,C,No
918405,Monday,B,No
759094,Thursday,C,No
464456,Thursday,C,No
297489,Sunday,A,No
202428,Friday,A,No
756679,Thursday,B,No
882089,Monday,B,No
454050,Friday,C,No
422474,Sunday,A,Yes
716107,Sunday,B,No
499991,Monday,A,No
473865,Friday,C,No
904484,Wednesday,C,No
740495,Monday,C,No
248062,Sunday,A,No
218026,Tuesday,A,No
748887,Wednesday,B,Yes
325139,Wednesday,A,No
662741,Monday,C,No
443919,Sunday,A,No
522090,Friday,C,No
157111,Wednesday,C,No
165870,Tuesday,A,No
623962,Sunday,B,No
179319,Thursday,A,No
245655,Monday,A,No
343369,Sunday,A,No
155871,Friday,A,No
945964,Sunday,B,No
991054,Tuesday,B,Yes
926587,Tuesday,C,No
217324,Wednesday,A,No
663727,Friday,B,No
177546,Friday,A,No
496607,Wednesday,A,No
56762,Monday,C,No
668084,Saturday,B,No
867488,Friday,B,No
263155,Tuesday,A,No
567755,Friday,B,No
984309,Monday,B,No
171108,Wednesday,C,No
484320,Sunday,C,No
604186,Monday,B,No
286899,Saturday,A,No
174289,Monday,A,No
781898,Wednesday,B,No
81712,Sunday,A,No
144228,Friday,A,No
73165,Tuesday,C,No
479938,Friday,C,No
690233,Friday,B,No
438583,Wednesday,A,No
272201,Thursday,A,No
547278,Tuesday,C,No
420924,Sunday,A,No
94820,Wednesday,A,No
871580,Monday,C,No
984940,Thursday,B,No
712422,Saturday,C,No
322446,Thursday,A,No
599208,Saturday,B,No
555761,Wednesday,C,No
837752,Sunday,B,Yes
631643,Friday,C,No
196861,Saturday,A,No
885710,Friday,B,No
847669,Wednesday,B,No
905832,Saturday,B,No
388894,Monday,C,No
634817,Friday,B,No
692222,Tuesday,B,No
884137,Saturday,B,No
106447,Friday,C,No
38099,Sunday,C,No
780235,Sunday,C,Yes
257912,Monday,C,No
298786,Thursday,C,No
534478,Tuesday,B,No
381093,Monday,A,No
959423,Thursday,B,No
299224,Monday,A,No
35161,Sunday,C,No
856393,Thursday,C,No
502386,Wednesday,B,No
273137,Monday,C,No
991088,Friday,B,No
502978,Tuesday,B,No
725959,Tuesday,C,No
337835,Monday,C,No
336304,Sunday,A,No
489032,Saturday,A,No
391979,Thursday,A,Yes
601387,Saturday,B,No
243020,Sunday,C,No
51551,Monday,C,No
854651,Monday,B,No
955651,Sunday,B,No
746887,Sunday,B,No
182327,Thursday,A,No
483179,Saturday,A,No
868025,Friday,C,No
51681,Monday,C,No
794331,Friday,B,No
265102,Sunday,C,No
339524,Thursday,A,No
125018,Sunday,A,No
708955,Tuesday,C,No
866560,Saturday,B,No
584096,Sunday,B,No
418422,Wednesday,A,No
359205,Saturday,A,No
377445,Friday,C,No
346029,Wednesday,A,No
269199,Tuesday,A,No
153360,Saturday,A,No
666035,Monday,C,No
87968,Saturday,C,No
121870,Wednesday,A,No
436173,Thursday,A,No
879500,Friday,B,No
422133,Sunday,A,No
266182,Tuesday,A,No
487964,Friday,A,No
217250,Monday,A,No
792347,Friday,C,No
856484,Monday,B,No
722809,Tuesday,C,No
335687,Wednesday,A,No
345862,Thursday,A,No
857420,Wednesday,C,No
185279,Monday,A,No
729171,Tuesday,C,No
39035,Wednesday,C,No
172072,Thursday,A,No
856658,Saturday,B,No
680848,Monday,C,No
565469,Tuesday,B,No
786848,Thursday,B,No
929229,Monday,B,No
985301,Wednesday,C,No
934620,Saturday,B,No
209249,Friday,A,No
599102,Saturday,B,No
518630,Thursday,B,No
927943,Tuesday,C,No
133763,Monday,C,No
566816,Saturday,C,No
608350,Wednesday,B,No
435911,Wednesday,A,No
54779,Sunday,A,No
827537,Sunday,B,No
22855,Friday,A,No
567263,Wednesday,C,No
916776,Tuesday,B,No
451533,Tuesday,C,No
874428,Sunday,C,No
292242,Monday,A,No
449328,Wednesday,A,No
754770,Sunday,B,No
271098,Saturday,A,No
918569,Thursday,C,No
899611,Wednesday,B,Yes
222992,Monday,C,No
881796,Thursday,C,No
816021,Wednesday,B,No
584669,Tuesday,B,No
794862,Wednesday,B,No
484640,Tuesday,C,No
373879,Saturday,A,No
769936,Wednesday,C,No
299258,Wednesday,C,No
759810,Friday,B,No
509117,Friday,B,No
9568,Friday,C,No
625581,Wednesday,C,No
757514,Tuesday,B,No
997377,Friday,B,No
967269,Saturday,B,No
325191,Monday,A,No
114277,Thursday,A,No
596191,Saturday,C,No
715677,Thursday,C,No
288314,Thursday,A,No
633896,Saturday,C,No
